<?xml version="1.0" encoding="utf-8" ?>
<PGDESCRIPTIONS package="ZHCPAOM">
<extractor_prog version="7.0.2 for SAP ECC6" date="20180213" SAPVersion="702"/>
  <PROGRAM name="ZCL_HRPA_INFOTYPE_9001========CI" description="Cl. ctrl per info-type 9001"
 type="OTHER" creationdate="20131016" author="U2YF" lastmodificationdate="20131016" lastmodificationauthor="U2YF">
  </PROGRAM>
  <PROGRAM name="ZCL_HRPA_INFOTYPE_9001========CL" description="Cl. ctrl per info-type 9001"
 type="OTHER" creationdate="20131016" author="U2YF" lastmodificationdate="20131016" lastmodificationauthor="U2YF">
  </PROGRAM>
  <PROGRAM name="ZCL_HRPA_INFOTYPE_9001========CO" description="Cl. ctrl per info-type 9001"
 type="OTHER" creationdate="20131016" author="U2YF" lastmodificationdate="20131016" lastmodificationauthor="U2YF">
  </PROGRAM>
  <PROGRAM name="ZCL_HRPA_INFOTYPE_9001========CP" description="Cl. ctrl per info-type 9001"
 type="CLASSPOOL" creationdate="20131016" author="U2YF" lastmodificationdate="20131016" lastmodificationauthor="U2YF">
  </PROGRAM>
  <PROGRAM name="ZCL_HRPA_INFOTYPE_9001========CT" description="Cl. ctrl per info-type 9001"
 type="OTHER" creationdate="20131016" author="U2YF" lastmodificationdate="20131016" lastmodificationauthor="U2YF">
  </PROGRAM>
  <PROGRAM name="ZCL_HRPA_INFOTYPE_9001========CU" description="Cl. ctrl per info-type 9001"
 type="OTHER" creationdate="20131016" author="U2YF" lastmodificationdate="20131016" lastmodificationauthor="U2YF">
  </PROGRAM>
  <PROGRAM name="ZCL_HRPA_INFOTYPE_9002========CI" description="Check Class for Infotyp 9002"
 type="OTHER" creationdate="20151124" author="U2YF" lastmodificationdate="20151124" lastmodificationauthor="U2YF">
  </PROGRAM>
  <PROGRAM name="ZCL_HRPA_INFOTYPE_9002========CL" description="Check Class for Infotyp 9002"
 type="OTHER" creationdate="20151124" author="U2YF" lastmodificationdate="20151124" lastmodificationauthor="U2YF">
  </PROGRAM>
  <PROGRAM name="ZCL_HRPA_INFOTYPE_9002========CO" description="Check Class for Infotyp 9002"
 type="OTHER" creationdate="20151124" author="U2YF" lastmodificationdate="20151124" lastmodificationauthor="U2YF">
  </PROGRAM>
  <PROGRAM name="ZCL_HRPA_INFOTYPE_9002========CP" description="Check Class for Infotyp 9002"
 type="CLASSPOOL" creationdate="20151124" author="U2YF" lastmodificationdate="20151124" lastmodificationauthor="U2YF">
  </PROGRAM>
  <PROGRAM name="ZCL_HRPA_INFOTYPE_9002========CT" description="Check Class for Infotyp 9002"
 type="OTHER" creationdate="20151124" author="U2YF" lastmodificationdate="20151124" lastmodificationauthor="U2YF">
  </PROGRAM>
  <PROGRAM name="ZCL_HRPA_INFOTYPE_9002========CU" description="Check Class for Infotyp 9002"
 type="OTHER" creationdate="20151124" author="U2YF" lastmodificationdate="20151124" lastmodificationauthor="U2YF">
  </PROGRAM>
  <PROGRAM name="ZCL_IM_HRPA_AUTH_STRU=========CI" description="Imp. class for BAdI imp. ZHRPA_AUTH_STRU"
 type="BADI" creationdate="20101109" author="U2YE" lastmodificationdate="20101109" lastmodificationauthor="U2YE">
  </PROGRAM>
  <PROGRAM name="ZCL_IM_HRPA_AUTH_STRU=========CL" description="Imp. class for BAdI imp. ZHRPA_AUTH_STRU"
 type="BADI" creationdate="20101109" author="U2YE" lastmodificationdate="20101109" lastmodificationauthor="U2YE">
  </PROGRAM>
  <PROGRAM name="ZCL_IM_HRPA_AUTH_STRU=========CM001" description="Imp. class for BAdI imp. ZHRPA_AUTH_STRU"
 type="BADI" creationdate="20101109" author="U2YE" lastmodificationdate="20101109" lastmodificationauthor="U2YE">
  </PROGRAM>
  <PROGRAM name="ZCL_IM_HRPA_AUTH_STRU=========CM002" description="Imp. class for BAdI imp. ZHRPA_AUTH_STRU"
 type="BADI" creationdate="20101109" author="U2YE" lastmodificationdate="20101109" lastmodificationauthor="U2YE">
  </PROGRAM>
  <PROGRAM name="ZCL_IM_HRPA_AUTH_STRU=========CM003" description="Imp. class for BAdI imp. ZHRPA_AUTH_STRU"
 type="BADI" creationdate="20101109" author="U2YE" lastmodificationdate="20101109" lastmodificationauthor="U2YE">
  </PROGRAM>
  <PROGRAM name="ZCL_IM_HRPA_AUTH_STRU=========CM004" description="Imp. class for BAdI imp. ZHRPA_AUTH_STRU"
 type="BADI" creationdate="20101109" author="U2YE" lastmodificationdate="20101109" lastmodificationauthor="U2YE">
  </PROGRAM>
  <PROGRAM name="ZCL_IM_HRPA_AUTH_STRU=========CM005" description="Imp. class for BAdI imp. ZHRPA_AUTH_STRU"
 type="BADI" creationdate="20101109" author="U2YE" lastmodificationdate="20101109" lastmodificationauthor="U2YE">
  </PROGRAM>
  <PROGRAM name="ZCL_IM_HRPA_AUTH_STRU=========CM006" description="Imp. class for BAdI imp. ZHRPA_AUTH_STRU"
 type="BADI" creationdate="20101109" author="U2YE" lastmodificationdate="20101109" lastmodificationauthor="U2YE">
  </PROGRAM>
  <PROGRAM name="ZCL_IM_HRPA_AUTH_STRU=========CO" description="Imp. class for BAdI imp. ZHRPA_AUTH_STRU"
 type="BADI" creationdate="20101109" author="U2YE" lastmodificationdate="20101109" lastmodificationauthor="U2YE">
  </PROGRAM>
  <PROGRAM name="ZCL_IM_HRPA_AUTH_STRU=========CP" description="Imp. class for BAdI imp. ZHRPA_AUTH_STRU"
 type="BADI" creationdate="20101109" author="U2YE" lastmodificationdate="20101109" lastmodificationauthor="U2YE">
  </PROGRAM>
  <PROGRAM name="ZCL_IM_HRPA_AUTH_STRU=========CT" description="Imp. class for BAdI imp. ZHRPA_AUTH_STRU"
 type="BADI" creationdate="20101109" author="U2YE" lastmodificationdate="20101109" lastmodificationauthor="U2YE">
  </PROGRAM>
  <PROGRAM name="ZCL_IM_HRPA_AUTH_STRU=========CU" description="Imp. class for BAdI imp. ZHRPA_AUTH_STRU"
 type="BADI" creationdate="20101109" author="U2YE" lastmodificationdate="20101109" lastmodificationauthor="U2YE">
  </PROGRAM>
  <PROGRAM name="SAPLZTBHCPAMAIL"
 type="FUNCTIONPOOL" creationdate="20100716" author="UP52" lastmodificationdate="20100716" lastmodificationauthor="UP52">
  </PROGRAM>
  <PROGRAM name="SAPLZHCCOMP_EXCEL"
 type="FUNCTIONPOOL" creationdate="20151124" author="U2YF" lastmodificationdate="20151124" lastmodificationauthor="U2YF">
  </PROGRAM>
  <PROGRAM name="SAPLZHCCOMP_GEST"
 type="FUNCTIONPOOL" creationdate="20151130" author="U2YF" lastmodificationdate="20151130" lastmodificationauthor="U2YF">
  </PROGRAM>
  <PROGRAM name="SAPLZHCPA_CHECK_LIM"
 type="FUNCTIONPOOL" creationdate="20110502" author="U61T" lastmodificationdate="20110502" lastmodificationauthor="U61T">
  </PROGRAM>
  <PROGRAM name="SAPLZHCPA_COMP_GRADE"
 type="FUNCTIONPOOL" creationdate="20110502" author="U61T" lastmodificationdate="20110502" lastmodificationauthor="U61T">
  </PROGRAM>
  <PROGRAM name="SAPLZHCPA_COMP_ITEM"
 type="FUNCTIONPOOL" creationdate="20110502" author="U61T" lastmodificationdate="20110502" lastmodificationauthor="U61T">
  </PROGRAM>
  <PROGRAM name="SAPLZHCPA_GEST_9001"
 type="FUNCTIONPOOL" creationdate="20131122" author="U2YF" lastmodificationdate="20131122" lastmodificationauthor="U2YF">
  </PROGRAM>
  <PROGRAM name="SAPLZHCPA_LMS_TERM"
 type="FUNCTIONPOOL" creationdate="20130121" author="U2YF" lastmodificationdate="20140224" lastmodificationauthor="U2YF">
  </PROGRAM>
  <PROGRAM name="SAPLZHC_EXCEPTION"
 type="FUNCTIONPOOL" creationdate="20140820" author="U2YF" lastmodificationdate="20140820" lastmodificationauthor="U2YF">
  </PROGRAM>
  <PROGRAM name="SAPLZHC_EXCP_COMP"
 type="FUNCTIONPOOL" creationdate="20160302" author="U2YF" lastmodificationdate="20160302" lastmodificationauthor="U2YF">
  </PROGRAM>
  <PROGRAM name="SAPLZHC_SIMATRIX"
 type="FUNCTIONPOOL" creationdate="20160125" author="U2YF" lastmodificationdate="20160511" lastmodificationauthor="U2YF">
  </PROGRAM>
  <PROGRAM name="LZHR_ALE_UTILITIESTOP" description="HR Ale utilities"
 type="INCLUDE" creationdate="20110314" author="U2YE" lastmodificationdate="20110314" lastmodificationauthor="U2YE">
  </PROGRAM>
  <PROGRAM name="LZHR_ALE_UTILITIESU01" description="Änderungszeiger zum Nachrichtentyp HRMD: IDocs erzeugen"
 type="INCLUDE" creationdate="20110314" author="U2YE" lastmodificationdate="20110314" lastmodificationauthor="U2YE">
  </PROGRAM>
  <PROGRAM name="LZHR_ALE_UTILITIESU02" description="Check objects to be distributed"
 type="INCLUDE" creationdate="20110314" author="U2YE" lastmodificationdate="20110314" lastmodificationauthor="U2YE">
  </PROGRAM>
  <PROGRAM name="LZHR_ALE_UTILITIESUXX" status="SYSTEM"
 type="INCLUDE" creationdate="20110314" author="SAP*" lastmodificationdate="20110314" lastmodificationauthor="SAP*">
  </PROGRAM>
  <PROGRAM name="SAPLZHR_ALE_UTILITIES"
 type="FUNCTIONPOOL" creationdate="20110314" author="U2YE" lastmodificationdate="20110314" lastmodificationauthor="U2YE">
  </PROGRAM>
  <PROGRAM name="LZHR_AUTH_PROFILEFOR"
 type="INCLUDE" creationdate="20160219" author="U2YF" lastmodificationdate="20160219" lastmodificationauthor="U2YF">
  </PROGRAM>
  <PROGRAM name="LZHR_AUTH_PROFILETOP" description="Authorization Group"
 type="INCLUDE" creationdate="20160219" author="U2YF" lastmodificationdate="20160219" lastmodificationauthor="U2YF">
  </PROGRAM>
  <PROGRAM name="LZHR_AUTH_PROFILEU01" description="Authorization Group"
 type="INCLUDE" creationdate="20160219" author="U2YF" lastmodificationdate="20160219" lastmodificationauthor="U2YF">
  </PROGRAM>
  <PROGRAM name="LZHR_AUTH_PROFILEUXX" status="SYSTEM"
 type="INCLUDE" creationdate="20160219" author="SAP*" lastmodificationdate="20160219" lastmodificationauthor="SAP*">
  </PROGRAM>
  <PROGRAM name="SAPLZHR_AUTH_PROFILE"
 type="FUNCTIONPOOL" creationdate="20160219" author="U2YF" lastmodificationdate="20160219" lastmodificationauthor="U2YF">
  </PROGRAM>
  <PROGRAM name="LZOMWF_UTILITIESF01"
 type="INCLUDE" creationdate="20101109" author="U2YE" lastmodificationdate="20170321" lastmodificationauthor="U5WA">
  </PROGRAM>
  <PROGRAM name="LZOMWF_UTILITIESTOP" description="OM workflow utilities"
 type="INCLUDE" creationdate="20101109" author="U2YE" lastmodificationdate="20101109" lastmodificationauthor="U2YE">
  </PROGRAM>
  <PROGRAM name="LZOMWF_UTILITIESU01" description="OM workflow utilities"
 type="INCLUDE" creationdate="20101109" author="U2YE" lastmodificationdate="20170217" lastmodificationauthor="UAJD">
  </PROGRAM>
  <PROGRAM name="LZOMWF_UTILITIESU02" description="Write error in infotype 9903"
 type="INCLUDE" creationdate="20101109" author="U2YE" lastmodificationdate="20101109" lastmodificationauthor="U2YE">
  </PROGRAM>
  <PROGRAM name="LZOMWF_UTILITIESU03" description="Prepare workitem text"
 type="INCLUDE" creationdate="20101109" author="U2YE" lastmodificationdate="20101109" lastmodificationauthor="U2YE">
  </PROGRAM>
  <PROGRAM name="LZOMWF_UTILITIESU04" description="Event triggering"
 type="INCLUDE" creationdate="20101109" author="U2YE" lastmodificationdate="20101109" lastmodificationauthor="U2YE">
  </PROGRAM>
  <PROGRAM name="LZOMWF_UTILITIESU05" description="Check Position CdC"
 type="INCLUDE" creationdate="20101109" author="U2YE" lastmodificationdate="20101109" lastmodificationauthor="U2YE">
  </PROGRAM>
  <PROGRAM name="LZOMWF_UTILITIESU06" description="OM workflow utilities"
 type="INCLUDE" creationdate="20101109" author="U2YE" lastmodificationdate="20101109" lastmodificationauthor="U2YE">
  </PROGRAM>
  <PROGRAM name="LZOMWF_UTILITIESUXX" status="SYSTEM"
 type="INCLUDE" creationdate="20101109" author="SAP*" lastmodificationdate="20101109" lastmodificationauthor="SAP*">
  </PROGRAM>
  <PROGRAM name="SAPLZOMWF_UTILITIES"
 type="FUNCTIONPOOL" creationdate="20101109" author="U2YE" lastmodificationdate="20101109" lastmodificationauthor="U2YE">
  </PROGRAM>
  <PROGRAM name="SAPLZTBHCANASCH"
 type="FUNCTIONPOOL" creationdate="20150518" author="U8XJ" lastmodificationdate="20150518" lastmodificationauthor="U8XJ">
  </PROGRAM>
  <PROGRAM name="SAPLZTBHCBIVACANCY"
 type="FUNCTIONPOOL" creationdate="20110720" author="UP52" lastmodificationdate="20110720" lastmodificationauthor="UP52">
  </PROGRAM>
  <PROGRAM name="SAPLZTBHCCOCCMAP"
 type="FUNCTIONPOOL" creationdate="20091030" author="U13X" lastmodificationdate="20091030" lastmodificationauthor="U13X">
  </PROGRAM>
  <PROGRAM name="SAPLZTBHCOMBUSPART"
 type="FUNCTIONPOOL" creationdate="20091030" author="U13X" lastmodificationdate="20091030" lastmodificationauthor="U13X">
  </PROGRAM>
  <PROGRAM name="SAPLZTBHCOMGRADE"
 type="FUNCTIONPOOL" creationdate="20091030" author="U13X" lastmodificationdate="20180118" lastmodificationauthor="U13X">
  </PROGRAM>
  <PROGRAM name="SAPLZTBHCOMLEAD"
 type="FUNCTIONPOOL" creationdate="20100716" author="UP52" lastmodificationdate="20120521" lastmodificationauthor="UP52">
  </PROGRAM>
  <PROGRAM name="SAPLZTBHCPADECISION"
 type="FUNCTIONPOOL" creationdate="20091030" author="U13X" lastmodificationdate="20091030" lastmodificationauthor="U13X">
  </PROGRAM>
  <PROGRAM name="SAPLZTBHCPADMEA"
 type="FUNCTIONPOOL" creationdate="20091030" author="U13X" lastmodificationdate="20091030" lastmodificationauthor="U13X">
  </PROGRAM>
  <PROGRAM name="SAPLZTBHCPAECITY"
 type="FUNCTIONPOOL" creationdate="20091030" author="U13X" lastmodificationdate="20091030" lastmodificationauthor="U13X">
  </PROGRAM>
  <PROGRAM name="SAPLZTBHCPAMOLGA"
 type="FUNCTIONPOOL" creationdate="20091030" author="U13X" lastmodificationdate="20091030" lastmodificationauthor="U13X">
  </PROGRAM>
  <PROGRAM name="SAPLZTBHCPAOFFENSE"
 type="FUNCTIONPOOL" creationdate="20091030" author="U13X" lastmodificationdate="20091030" lastmodificationauthor="U13X">
  </PROGRAM>
  <PROGRAM name="SAPLZTBHCPAPROFL"
 type="FUNCTIONPOOL" creationdate="20110308" author="UP73" lastmodificationdate="20110308" lastmodificationauthor="UP73">
  </PROGRAM>
  <PROGRAM name="SAPLZTBHCPATALENT"
 type="FUNCTIONPOOL" creationdate="20110905" author="U2YF" lastmodificationdate="20110905" lastmodificationauthor="U2YF">
  </PROGRAM>
  <PROGRAM name="SAPLZTBHCPAUNION"
 type="FUNCTIONPOOL" creationdate="20091030" author="U13X" lastmodificationdate="20091030" lastmodificationauthor="U13X">
  </PROGRAM>
  <PROGRAM name="SAPLZTBHCPA_SUBCONT"
 type="FUNCTIONPOOL" creationdate="20100211" author="UP52" lastmodificationdate="20100211" lastmodificationauthor="UP52">
  </PROGRAM>
  <PROGRAM name="SAPLZTBHCPY1L2L"
 type="FUNCTIONPOOL" creationdate="20131016" author="UP73" lastmodificationdate="20131016" lastmodificationauthor="UP73">
  </PROGRAM>
  <PROGRAM name="SAPLZTBHCPYMA1L"
 type="FUNCTIONPOOL" creationdate="20131016" author="UP73" lastmodificationdate="20141015" lastmodificationauthor="UP73">
  </PROGRAM>
  <PROGRAM name="SAPLZTBHCPYMA2L"
 type="FUNCTIONPOOL" creationdate="20131016" author="UP73" lastmodificationdate="20131016" lastmodificationauthor="UP73">
  </PROGRAM>
  <PROGRAM name="SAPLZTBHCPYRUN"
 type="FUNCTIONPOOL" creationdate="20091207" author="U13X" lastmodificationdate="20091207" lastmodificationauthor="U13X">
  </PROGRAM>
  <PROGRAM name="SAPLZTBHCPYRUND"
 type="FUNCTIONPOOL" creationdate="20091207" author="U13X" lastmodificationdate="20091207" lastmodificationauthor="U13X">
  </PROGRAM>
  <PROGRAM name="SAPLZTB_HCPAINTERINF"
 type="FUNCTIONPOOL" creationdate="20091030" author="MELISALI" lastmodificationdate="20091030" lastmodificationauthor="MELISALI">
  </PROGRAM>
  <PROGRAM name="SAPLZTB_ZHCPA_INTERH"
 type="FUNCTIONPOOL" creationdate="20091030" author="MELISALI" lastmodificationdate="20091030" lastmodificationauthor="MELISALI">
  </PROGRAM>
  <PROGRAM name="LZHC_READ_VALUE_PERNRF01"
 type="INCLUDE" creationdate="20170203" author="UB1K" lastmodificationdate="20170503" lastmodificationauthor="UB1K">
  </PROGRAM>
  <PROGRAM name="LZHC_READ_VALUE_PERNRTOP" description="FG for read PERNR"
 type="INCLUDE" creationdate="20170203" author="UAJB" lastmodificationdate="20170203" lastmodificationauthor="UAJB">
  </PROGRAM>
  <PROGRAM name="LZHC_READ_VALUE_PERNRU01" description="FG for read PERNR"
 type="INCLUDE" creationdate="20170203" author="UB1K" lastmodificationdate="20170503" lastmodificationauthor="UB1K">
  </PROGRAM>
  <PROGRAM name="LZHC_READ_VALUE_PERNRUXX" status="SYSTEM"
 type="INCLUDE" creationdate="20170203" author="UAJB" lastmodificationdate="20170203" lastmodificationauthor="UAJB">
  </PROGRAM>
  <PROGRAM name="SAPLZHC_READ_VALUE_PERNR"
 type="FUNCTIONPOOL" creationdate="20170203" author="UAJB" lastmodificationdate="20170203" lastmodificationauthor="UAJB">
  </PROGRAM>
  <PROGRAM name="LZTCC_FTPTOP" description="Descr"
 type="INCLUDE" creationdate="20171214" author="UAKP" lastmodificationdate="20171214" lastmodificationauthor="UAKP">
  </PROGRAM>
  <PROGRAM name="LZTCC_FTPU01" description="Z_RFC_FILE1"
 type="INCLUDE" creationdate="20171214" author="UAKP" lastmodificationdate="20171214" lastmodificationauthor="UAKP">
  </PROGRAM>
  <PROGRAM name="LZTCC_FTPU02" description="Z_RFC_FILE_TXT"
 type="INCLUDE" creationdate="20171214" author="UAKP" lastmodificationdate="20171214" lastmodificationauthor="UAKP">
  </PROGRAM>
  <PROGRAM name="LZTCC_FTPU03" description="Z_RFC_FILE_TXT_W"
 type="INCLUDE" creationdate="20171214" author="UAKP" lastmodificationdate="20171214" lastmodificationauthor="UAKP">
  </PROGRAM>
  <PROGRAM name="LZTCC_FTPU04" description="Z_RFC_FILE1W"
 type="INCLUDE" creationdate="20171214" author="UAKP" lastmodificationdate="20171214" lastmodificationauthor="UAKP">
  </PROGRAM>
  <PROGRAM name="LZTCC_FTPUXX" status="SYSTEM"
 type="INCLUDE" creationdate="20171214" author="SAP*" lastmodificationdate="20171214" lastmodificationauthor="SAP*">
  </PROGRAM>
  <PROGRAM name="SAPLZTCC_FTP"
 type="FUNCTIONPOOL" creationdate="20171214" author="UAKP" lastmodificationdate="20171214" lastmodificationauthor="UAKP">
  </PROGRAM>
  <PROGRAM name="ZHC_USER_SUCCFACT_CONNECTOR2" status="STANDARD" description="successfactors connector"
 type="PROGRAM" creationdate="20160721" author="U2YF" lastmodificationdate="20160721" lastmodificationauthor="U2YF">
  </PROGRAM>
  <PROGRAM name="ZHCR_VISTE_PAOM_COPY" status="CUSTOM" description="Report HC"
 type="PROGRAM" creationdate="20161005" author="UAJD" lastmodificationdate="20161005" lastmodificationauthor="UAJD">
  </PROGRAM>
  <PROGRAM name="ZHCR_VISTE_PAOM_DECL_OLD" status="CUSTOM" description="Include ZHCR_VISTE_PAOM_DECLARATION"
 type="INCLUDE" creationdate="20161017" author="UAJD" lastmodificationdate="20161017" lastmodificationauthor="UAJD">
  </PROGRAM>
  <PROGRAM name="ZHCR_VISTE_PAOM_OLD" status="CUSTOM" description="Report HC"
 type="PROGRAM" creationdate="20161017" author="UAJD" lastmodificationdate="20161017" lastmodificationauthor="UAJD">
  </PROGRAM>
  <PROGRAM name="ZRCA_TABLE_UPDATE" status="CUSTOM" description="ZRCA_TABLE_UPDATE"
 type="PROGRAM" creationdate="20170911" author="UAKP" lastmodificationdate="20170911" lastmodificationauthor="UAKP">
  </PROGRAM>
  <PROGRAM name="ZHCR_VISTE_PAOM_DECLARATION_CP" status="CUSTOM" description="Include ZHCR_VISTE_PAOM_DECLARATION_CP"
 type="INCLUDE" creationdate="20161005" author="UAJD" lastmodificationdate="20161005" lastmodificationauthor="UAJD">
  </PROGRAM>
  <PROGRAM name="MP900100" status="STANDARD"
 type="MODULEPOOL" creationdate="20131016" author="U2YF" lastmodificationdate="20131016" lastmodificationauthor="U2YF">
  </PROGRAM>
  <PROGRAM name="MP900110" status="STANDARD"
 type="INCLUDE" creationdate="20131016" author="U2YF" lastmodificationdate="20131016" lastmodificationauthor="U2YF">
  </PROGRAM>
  <PROGRAM name="MP900120" status="STANDARD"
 type="INCLUDE" creationdate="20131016" author="U2YF" lastmodificationdate="20131016" lastmodificationauthor="U2YF">
  </PROGRAM>
  <PROGRAM name="MP900130" status="STANDARD"
 type="INCLUDE" creationdate="20131016" author="U2YF" lastmodificationdate="20131016" lastmodificationauthor="U2YF">
  </PROGRAM>
  <PROGRAM name="MP900140" status="STANDARD"
 type="INCLUDE" creationdate="20131016" author="U2YF" lastmodificationdate="20131016" lastmodificationauthor="U2YF">
  </PROGRAM>
  <PROGRAM name="MP900150" status="STANDARD"
 type="INCLUDE" creationdate="20131016" author="SAP" lastmodificationdate="20131016" lastmodificationauthor="SAP">
  </PROGRAM>
  <PROGRAM name="MP900200" status="STANDARD"
 type="MODULEPOOL" creationdate="20151124" author="SAP" lastmodificationdate="20151130" lastmodificationauthor="SAP">
  </PROGRAM>
  <PROGRAM name="MP900210" status="STANDARD"
 type="INCLUDE" creationdate="20151124" author="U2YF" lastmodificationdate="20151130" lastmodificationauthor="U2YF">
  </PROGRAM>
  <PROGRAM name="MP900220" status="STANDARD"
 type="INCLUDE" creationdate="20151124" author="U2YF" lastmodificationdate="20151130" lastmodificationauthor="U2YF">
  </PROGRAM>
  <PROGRAM name="MP900230" status="STANDARD"
 type="INCLUDE" creationdate="20151124" author="U2YF" lastmodificationdate="20151130" lastmodificationauthor="SAP">
  </PROGRAM>
  <PROGRAM name="MP900240" status="STANDARD"
 type="INCLUDE" creationdate="20151124" author="SAP" lastmodificationdate="20151130" lastmodificationauthor="SAP">
  </PROGRAM>
  <PROGRAM name="MP900250" status="STANDARD"
 type="INCLUDE" creationdate="20151124" author="SAP" lastmodificationdate="20151130" lastmodificationauthor="SAP">
  </PROGRAM>
  <PROGRAM name="MP900300" status="STANDARD" description="PD Infotype 9003"
 type="MODULEPOOL" creationdate="20101109" author="U2YE" lastmodificationdate="20101109" lastmodificationauthor="U2YE">
  </PROGRAM>
  <PROGRAM name="MP900320" status="STANDARD" description="PD Infotype 9003 Special Module PAI/PBO"
 type="INCLUDE" creationdate="20101109" author="U2YE" lastmodificationdate="20101109" lastmodificationauthor="U2YE">
  </PROGRAM>
  <PROGRAM name="MP9003BI" status="STANDARD"
 type="PROGRAM" creationdate="20101109" author="U2YE" lastmodificationdate="20101109" lastmodificationauthor="U2YE">
  </PROGRAM>
  <PROGRAM name="MP980100" status="STANDARD"
 type="MODULEPOOL" creationdate="20091030" author="SAP" lastmodificationdate="20091030" lastmodificationauthor="SAP">
  </PROGRAM>
  <PROGRAM name="MP980110" status="STANDARD"
 type="INCLUDE" creationdate="20091030" author="U2YF" lastmodificationdate="20091030" lastmodificationauthor="U2YF">
  </PROGRAM>
  <PROGRAM name="MP980120" status="STANDARD"
 type="INCLUDE" creationdate="20091030" author="U2YF" lastmodificationdate="20091030" lastmodificationauthor="U2YF">
  </PROGRAM>
  <PROGRAM name="MP980130" status="STANDARD"
 type="INCLUDE" creationdate="20091030" author="U2YF" lastmodificationdate="20091030" lastmodificationauthor="U2YF">
  </PROGRAM>
  <PROGRAM name="MP980140" status="STANDARD"
 type="INCLUDE" creationdate="20091030" author="SAP" lastmodificationdate="20091030" lastmodificationauthor="SAP">
  </PROGRAM>
  <PROGRAM name="MP980150" status="STANDARD"
 type="INCLUDE" creationdate="20091030" author="SAP" lastmodificationdate="20091030" lastmodificationauthor="SAP">
  </PROGRAM>
  <PROGRAM name="MP990200" status="STANDARD" description="HR-PLAN info-type 9902"
 type="MODULEPOOL" creationdate="20091030" author="U2YF" lastmodificationdate="20161214" lastmodificationauthor="UAJB">
  </PROGRAM>
  <PROGRAM name="MP990220" status="STANDARD" description="HR-PLAN info-type 9902 Moduli speciali PAI/PBO"
 type="INCLUDE" creationdate="20091030" author="U2YF" lastmodificationdate="20091030" lastmodificationauthor="U2YF">
  </PROGRAM>
  <PROGRAM name="MP9902BI" status="STANDARD"
 type="PROGRAM" creationdate="20091030" author="U2YF" lastmodificationdate="20091030" lastmodificationauthor="U2YF">
  </PROGRAM>
  <PROGRAM name="MP990300" status="STANDARD" description="PD Infotype 9003"
 type="MODULEPOOL" creationdate="20101109" author="U2YE" lastmodificationdate="20101109" lastmodificationauthor="U2YE">
  </PROGRAM>
  <PROGRAM name="MP990320" status="STANDARD" description="PD Infotype 9003 Special Module PAI/PBO"
 type="INCLUDE" creationdate="20101109" author="U2YE" lastmodificationdate="20101109" lastmodificationauthor="U2YE">
  </PROGRAM>
  <PROGRAM name="MP9903BI" status="STANDARD"
 type="PROGRAM" creationdate="20101109" author="U2YE" lastmodificationdate="20101109" lastmodificationauthor="U2YE">
  </PROGRAM>
  <PROGRAM name="MP990400" status="STANDARD" description="HR-PLAN info-type 9904"
 type="MODULEPOOL" creationdate="20110524" author="U2YF" lastmodificationdate="20110524" lastmodificationauthor="U2YF">
  </PROGRAM>
  <PROGRAM name="MP990420" status="STANDARD" description="HR-PLAN info-type 9904 Moduli speciali PAI/PBO"
 type="INCLUDE" creationdate="20110524" author="U2YF" lastmodificationdate="20120514" lastmodificationauthor="U2YF">
  </PROGRAM>
  <PROGRAM name="MP9904BI" status="STANDARD"
 type="PROGRAM" creationdate="20110524" author="U2YF" lastmodificationdate="20110524" lastmodificationauthor="U2YF">
  </PROGRAM>
  <PROGRAM name="ZHR_RHAUTH01" status="TEST" description="Display Authorization Views"
 type="PROGRAM" creationdate="20160222" author="U2YF" lastmodificationdate="20160222" lastmodificationauthor="U2YF">
  </PROGRAM>
  <PROGRAM name="ZHCCOB_NOT2LCC" status="CUSTOM" description="Interfaccia di caricamento dei centri di costo da sistemi noT2L"
 type="PROGRAM" creationdate="20091030" author="U13X" lastmodificationdate="20100127" lastmodificationauthor="U13X">
  </PROGRAM>
  <PROGRAM name="ZHCPAB_BAGLRI003" status="CUSTOM" description="INTERFACE PAYROLL EMPLOYEE ID ---&gt; SAP"
 type="PROGRAM" creationdate="20091030" author="U13X" lastmodificationdate="20091106" lastmodificationauthor="U2YF">
  </PROGRAM>
  <PROGRAM name="ZHCPAB_BAGLRI003_FORMS" status="STANDARD" description="Include ZHCPAB_BAGLRI003_FORMS"
 type="INCLUDE" creationdate="20091030" author="U13X" lastmodificationdate="20091030" lastmodificationauthor="U13X">
  </PROGRAM>
  <PROGRAM name="ZHCPAB_BAGLRI004" status="CUSTOM" description="INTERFACE PAYROLL ANNUAL SALARY    &gt; SAP"
 type="PROGRAM" creationdate="20091030" author="U13X" lastmodificationdate="20091106" lastmodificationauthor="U2YF">
  </PROGRAM>
  <PROGRAM name="ZHCPAB_SALARYUPLOAD" status="CUSTOM" description="Load Salary Upload IT9001"
 type="PROGRAM" creationdate="20131016" author="U2YF" lastmodificationdate="20180122" lastmodificationauthor="UB5Z">
  </PROGRAM>
  <PROGRAM name="ZHCPAE_BAGLRI001" status="STANDARD" description="Interface SAP --&gt; Success Factor"
 type="PROGRAM" creationdate="20100624" author="U2YF" lastmodificationdate="20150529" lastmodificationauthor="U2YF">
  </PROGRAM>
  <PROGRAM name="ZHCPAE_BAGLRI002" description="Interface Outbound from SAP to Payroll"
 type="PROGRAM" creationdate="20091030" author="U13X" lastmodificationdate="20170216" lastmodificationauthor="UAJD">
  </PROGRAM>
  <PROGRAM name="ZHCPAE_SAP_TO_CONCUR" status="CUSTOM" description="Interface SAP to Concur"
 type="PROGRAM" creationdate="20140624" author="U2YF" lastmodificationdate="20140708" lastmodificationauthor="U2YF">
  </PROGRAM>
  <PROGRAM name="ZHCPAM_CRUS_COMP_GLOBAL" description="Compensation Global Dashboard"
 type="MODULEPOOL" creationdate="20151124" author="U2YF" lastmodificationdate="20151124" lastmodificationauthor="U2YF">
  </PROGRAM>
  <PROGRAM name="ZHCPAM_CRUS_COMP_GLOBAL_FRM" description="Include ZHCPAM_CRUS_COMP_GLOBAL_FRM"
 type="INCLUDE" creationdate="20151124" author="U2YF" lastmodificationdate="20151124" lastmodificationauthor="U2YF">
  </PROGRAM>
  <PROGRAM name="ZHCPAM_CRUS_COMP_GLOBAL_PAI" description="Include ZHCPAM_CRUS_COMP_GLOBAL_PAI"
 type="INCLUDE" creationdate="20151124" author="U2YF" lastmodificationdate="20161026" lastmodificationauthor="U2YF">
  </PROGRAM>
  <PROGRAM name="ZHCPAM_CRUS_COMP_GLOBAL_PBO" description="Include ZHCPAM_CRUS_COMP_GLOBAL_PBO"
 type="INCLUDE" creationdate="20151124" author="U2YF" lastmodificationdate="20161026" lastmodificationauthor="U2YF">
  </PROGRAM>
  <PROGRAM name="ZHCPAM_CRUS_COMP_GLOBAL_TOP" description="Include ZHCPAM_CRUS_COMP_GLOBAL_TOP"
 type="INCLUDE" creationdate="20151124" author="U2YF" lastmodificationdate="20161026" lastmodificationauthor="U2YF">
  </PROGRAM>
  <PROGRAM name="ZHCPAM_CRUS_COMP_PROPOSAL" description="Compensation Global Proposal Dashboard"
 type="MODULEPOOL" creationdate="20160125" author="U2YF" lastmodificationdate="20160125" lastmodificationauthor="U2YF">
  </PROGRAM>
  <PROGRAM name="ZHCPAM_CRUS_COMP_PROPOSAL_FRM" description="Include ZHCPAM_CRUS_COMP_PROPOSAL_FRM"
 type="INCLUDE" creationdate="20160125" author="U2YF" lastmodificationdate="20160125" lastmodificationauthor="U2YF">
  </PROGRAM>
  <PROGRAM name="ZHCPAM_CRUS_COMP_PROPOSAL_PAI" description="Include ZHCPAM_CRUS_COMP_PROPOSAL_PAI"
 type="INCLUDE" creationdate="20160125" author="U2YF" lastmodificationdate="20160125" lastmodificationauthor="U2YF">
  </PROGRAM>
  <PROGRAM name="ZHCPAM_CRUS_COMP_PROPOSAL_PBO" description="Include ZHCPAM_CRUS_COMP_PROPOSAL_PBO"
 type="INCLUDE" creationdate="20160125" author="U2YF" lastmodificationdate="20160125" lastmodificationauthor="U2YF">
  </PROGRAM>
  <PROGRAM name="ZHCPAM_CRUS_COMP_PROPOSAL_TOP" description="Include ZHCPAM_CRUS_COMP_PROPOSAL_TOP"
 type="INCLUDE" creationdate="20160125" author="U2YF" lastmodificationdate="20160125" lastmodificationauthor="U2YF">
  </PROGRAM>
  <PROGRAM name="ZHCPAM_SAP_TO_CONCUR" description="Managing Data Transfer Sap to Concur"
 type="MODULEPOOL" creationdate="20140624" author="U2YF" lastmodificationdate="20140624" lastmodificationauthor="U2YF">
  </PROGRAM>
  <PROGRAM name="ZHCPAR_EMPLOYEE" status="CUSTOM" description="Employee master data extraction"
 type="PROGRAM" creationdate="20091202" author="U13X" lastmodificationdate="20170220" lastmodificationauthor="UB1K">
  </PROGRAM>
  <PROGRAM name="ZHCPAR_SAP_TO_CONCUR" status="CUSTOM" description="Report Data Check (SAP to Concur)"
 type="PROGRAM" creationdate="20140624" author="U2YF" lastmodificationdate="20140707" lastmodificationauthor="U2YF">
  </PROGRAM>
  <PROGRAM name="ZHCPAR_SIMULMATRIX" description="Salary Increases Matrix for Country"
 type="PROGRAM" creationdate="20160125" author="U2YF" lastmodificationdate="20170503" lastmodificationauthor="UB1K">
  </PROGRAM>
  <PROGRAM name="ZHCPA_COMP_GLOBAL_GEST" description="Compensation Global Process Manage"
 type="PROGRAM" creationdate="20151124" author="U2YF" lastmodificationdate="20151124" lastmodificationauthor="U2YF">
  </PROGRAM>
  <PROGRAM name="ZHCPA_COMP_GLOBAL_GEST_FORM" description="Include ZHCPA_COMP_GLOBAL_GEST_FORM"
 type="INCLUDE" creationdate="20151124" author="U2YF" lastmodificationdate="20151124" lastmodificationauthor="U2YF">
  </PROGRAM>
  <PROGRAM name="ZHCPA_COMP_GLOBAL_GEST_TOP" description="Include ZHCPA_COMP_GLOBAL_GEST_TOP"
 type="INCLUDE" creationdate="20151124" author="U2YF" lastmodificationdate="20151124" lastmodificationauthor="U2YF">
  </PROGRAM>
  <PROGRAM name="ZHCR_SAP_TO_CONCUR_DATA" status="CUSTOM" description="Include ZHC_INCLUDE_SAP_TO_CONCUR_DATA"
 type="INCLUDE" creationdate="20140624" author="U2YF" lastmodificationdate="20171030" lastmodificationauthor="UB5Z">
  </PROGRAM>
  <PROGRAM name="ZHCR_SAP_TO_CONCUR_FORM" status="CUSTOM" description="Include ZHC_INCLUDE_SAP_TO_CONCUR_FORM"
 type="INCLUDE" creationdate="20140624" author="U2YF" lastmodificationdate="20171030" lastmodificationauthor="UB5Z">
  </PROGRAM>
  <PROGRAM name="ZHCR_VISTE_PAOM" status="CUSTOM" description="Report HC"
 type="PROGRAM" creationdate="20130409" author="U2YF" lastmodificationdate="20180117" lastmodificationauthor="UB5Z">
  </PROGRAM>
  <PROGRAM name="ZHCR_VISTE_PAOM_DECLARATION" status="CUSTOM" description="Include ZHCR_VISTE_PAOM_DECLARATION"
 type="INCLUDE" creationdate="20130409" author="U2YF" lastmodificationdate="20170913" lastmodificationauthor="UB5Z">
  </PROGRAM>
  <PROGRAM name="ZHC_INCLUDE_SAP_TO_CONCUR_DATA" status="CUSTOM" description="Include ZHC_INCLUDE_SAP_TO_CONCUR_DATA"
 type="INCLUDE" creationdate="20140624" author="U2YF" lastmodificationdate="20171030" lastmodificationauthor="UB5Z">
  </PROGRAM>
  <PROGRAM name="ZHC_INCLUDE_SAP_TO_CONCUR_FORM" status="CUSTOM" description="Include ZHC_INCLUDE_SAP_TO_CONCUR_FORM"
 type="INCLUDE" creationdate="20140624" author="U2YF" lastmodificationdate="20171030" lastmodificationauthor="UB5Z">
  </PROGRAM>
  <PROGRAM name="ZHR_DYN_ACTION" status="CUSTOM" description="Dynamic Action"
 type="PROGRAM" creationdate="20160215" author="U2YF" lastmodificationdate="20160218" lastmodificationauthor="U2YF">
  </PROGRAM>
  <PROGRAM name="ZP001500" status="STANDARD"
 type="MODULEPOOL" creationdate="20091030" author="SAP" lastmodificationdate="20091030" lastmodificationauthor="SAP">
  </PROGRAM>
  <PROGRAM name="ZP001510" status="STANDARD"
 type="INCLUDE" creationdate="20091030" author="SAP" lastmodificationdate="20091030" lastmodificationauthor="SAP">
  </PROGRAM>
  <PROGRAM name="ZP001520" status="TEST"
 type="INCLUDE" creationdate="20091030" author="SAP" lastmodificationdate="20140508" lastmodificationauthor="U2YF">
  </PROGRAM>
  <PROGRAM name="ZP001530" status="TEST"
 type="INCLUDE" creationdate="20091030" author="SAP" lastmodificationdate="20091030" lastmodificationauthor="SAP">
  </PROGRAM>
  <PROGRAM name="ZP001540" status="TEST"
 type="INCLUDE" creationdate="20091030" author="SAP" lastmodificationdate="20091030" lastmodificationauthor="SAP">
  </PROGRAM>
  <PROGRAM name="ZZBUS9903" description="Program for Object Type PD_1001: Relationship"
 type="SUBROUTINE" creationdate="20101109" author="U2YE" lastmodificationdate="20101203" lastmodificationauthor="U2YE">
  </PROGRAM>
  <PROGRAM name="ZFRANCE_MD_ADJUSTMENT" description="France Master Data Adjustment"
 type="PROGRAM" creationdate="20170524" author="U3EA" lastmodificationdate="20170524" lastmodificationauthor="U3EA">
  </PROGRAM>
  <PROGRAM name="ZTCC_FTP" status="CUSTOM" description="Transfer file SAP Server Local PC"
 type="PROGRAM" creationdate="20171214" author="UAKP" lastmodificationdate="20171214" lastmodificationauthor="UAKP">
  </PROGRAM>
</PGDESCRIPTIONS>
