<?xml version="1.0" encoding="utf-8" ?>
<BAPIS package="ZHCPAOM">
<extractor_prog version="7.0.2 for SAP ECC6" date="20180213" SAPVersion="702"/>
  <BAPI name="OM_transfer_authoriz" description="OM Infotype 9903" type="ZZBUS9903">
    <Attribute name="SCLAS" instanceDependant="N" description="SCLAS"/>
    <Attribute name="SOBID" instanceDependant="N" description="SOBID"/>
    <Attribute name="UNAME" instanceDependant="N" description="UNAME"/>
    <Attribute name="ZADDRESS" instanceDependant="N" description="ADDRESS"/>
    <Attribute name="ZDEST_NAME" instanceDependant="N" description="ZDEST_NAME"/>
    <Attribute name="ZNAME" instanceDependant="N" description="NAME"/>
    <Event name="AUTH_CREATED" instanceDependant="N" description="Authorization_create"/>
    <Event name="Deleted" instanceDependant="N" description="Deleted"/>
    <KeyField name="EndDate" instanceDependant="N" description="End Date"/>
    <KeyField name="ObjectID" instanceDependant="N" description="Object ID"/>
    <KeyField name="ObjectType1" instanceDependant="N" description="Object Type"/>
    <KeyField name="PlanVersion" instanceDependant="N" description="Plan Version"/>
    <KeyField name="StartDate" instanceDependant="N" description="Start date"/>
    <Method name="Create_relationship" instanceDependant="N" description="Create_relationship">
    </Method>
    <Method name="GET_ATTRIBUTES" instanceDependant="N" description="GET_ATTRIBUTES">
    </Method>
    <Method name="Send_mail" instanceDependant="N" description="Send mail">
    </Method>
    <Method name="Set_status" instanceDependant="N" description="Set_status">
    </Method>
    <Method name="TRY_LOCK" instanceDependant="N" description="TRY_LOCK">
    </Method>
  </BAPI>
</BAPIS>
