<?xml version="1.0" encoding="utf-8" ?>
<PGDESCRIPTIONS package="ZHCCO">
<extractor_prog version="7.0.2 for SAP ECC6" date="20180213" SAPVersion="702"/>
  <PROGRAM name="ZCL_MI_ZHC_OPC_IN=============CCDEF" description="Generated test implementation"
 type="OTHER" creationdate="20150127" author="U955" lastmodificationdate="20150127" lastmodificationauthor="U955">
  </PROGRAM>
  <PROGRAM name="ZCL_MI_ZHC_OPC_IN=============CCIMP" description="Generated test implementation"
 type="OTHER" creationdate="20150127" author="U955" lastmodificationdate="20150127" lastmodificationauthor="U955">
  </PROGRAM>
  <PROGRAM name="ZCL_MI_ZHC_OPC_IN=============CCMAC" description="Generated test implementation"
 type="OTHER" creationdate="20150127" author="U955" lastmodificationdate="20150127" lastmodificationauthor="U955">
  </PROGRAM>
  <PROGRAM name="ZCL_MI_ZHC_OPC_IN=============CI" description="Generated test implementation"
 type="OTHER" creationdate="20150127" author="U955" lastmodificationdate="20150127" lastmodificationauthor="U955">
  </PROGRAM>
  <PROGRAM name="ZCL_MI_ZHC_OPC_IN=============CM001" description="Generated test implementation"
 type="OTHER" creationdate="20150127" author="U955" lastmodificationdate="20150128" lastmodificationauthor="U8RY">
  </PROGRAM>
  <PROGRAM name="ZCL_MI_ZHC_OPC_IN=============CO" description="Generated test implementation"
 type="OTHER" creationdate="20150127" author="U955" lastmodificationdate="20150127" lastmodificationauthor="U955">
  </PROGRAM>
  <PROGRAM name="ZCL_MI_ZHC_OPC_IN=============CP" status="STANDARD" description="Generated test implementation"
 type="CLASSPOOL" creationdate="20150127" author="U955" lastmodificationdate="20150127" lastmodificationauthor="U955">
  </PROGRAM>
  <PROGRAM name="ZCL_MI_ZHC_OPC_IN=============CT" description="Generated test implementation"
 type="OTHER" creationdate="20150127" author="U955" lastmodificationdate="20150127" lastmodificationauthor="U955">
  </PROGRAM>
  <PROGRAM name="ZCL_MI_ZHC_OPC_IN=============CU" description="Generated test implementation"
 type="OTHER" creationdate="20150127" author="U955" lastmodificationdate="20150127" lastmodificationauthor="U955">
  </PROGRAM>
  <PROGRAM name="ZCX_FMT_ZHC_OPC===============CCDEF" description="Proxy Class (generated)"
 type="OTHER" creationdate="20150127" author="U955" lastmodificationdate="20150211" lastmodificationauthor="U955">
  </PROGRAM>
  <PROGRAM name="ZCX_FMT_ZHC_OPC===============CCIMP" description="Proxy Class (generated)"
 type="OTHER" creationdate="20150127" author="U955" lastmodificationdate="20150211" lastmodificationauthor="U955">
  </PROGRAM>
  <PROGRAM name="ZCX_FMT_ZHC_OPC===============CCMAC" description="Proxy Class (generated)"
 type="OTHER" creationdate="20150127" author="U955" lastmodificationdate="20150211" lastmodificationauthor="U955">
  </PROGRAM>
  <PROGRAM name="ZCX_FMT_ZHC_OPC===============CI" description="Proxy Class (generated)"
 type="OTHER" creationdate="20150127" author="U955" lastmodificationdate="20150211" lastmodificationauthor="U955">
  </PROGRAM>
  <PROGRAM name="ZCX_FMT_ZHC_OPC===============CM001" description="Proxy Class (generated)"
 type="OTHER" creationdate="20150127" author="U955" lastmodificationdate="20150211" lastmodificationauthor="U955">
  </PROGRAM>
  <PROGRAM name="ZCX_FMT_ZHC_OPC===============CO" description="Proxy Class (generated)"
 type="OTHER" creationdate="20150127" author="U955" lastmodificationdate="20150211" lastmodificationauthor="U955">
  </PROGRAM>
  <PROGRAM name="ZCX_FMT_ZHC_OPC===============CP" status="STANDARD" description="Proxy Class (generated)"
 type="CLASSPOOL" creationdate="20150127" author="U955" lastmodificationdate="20150211" lastmodificationauthor="U955">
  </PROGRAM>
  <PROGRAM name="ZCX_FMT_ZHC_OPC===============CT" description="Proxy Class (generated)"
 type="OTHER" creationdate="20150127" author="U955" lastmodificationdate="20150211" lastmodificationauthor="U955">
  </PROGRAM>
  <PROGRAM name="ZCX_FMT_ZHC_OPC===============CU" description="Proxy Class (generated)"
 type="OTHER" creationdate="20150127" author="U955" lastmodificationdate="20150211" lastmodificationauthor="U955">
  </PROGRAM>
  <PROGRAM name="LZFM_EXTRACTION_SETTOP" description="Fm ZFM_EXTRACTION_SET"
 type="INCLUDE" creationdate="20140827" author="U54G" lastmodificationdate="20140827" lastmodificationauthor="U54G">
  </PROGRAM>
  <PROGRAM name="LZFM_EXTRACTION_SETU01" description="fm to get a set in a range"
 type="INCLUDE" creationdate="20140827" author="U54G" lastmodificationdate="20140827" lastmodificationauthor="U54G">
  </PROGRAM>
  <PROGRAM name="LZFM_EXTRACTION_SETUXX" status="SYSTEM"
 type="INCLUDE" creationdate="20140827" author="U54G" lastmodificationdate="20140827" lastmodificationauthor="U54G">
  </PROGRAM>
  <PROGRAM name="SAPLZFM_EXTRACTION_SET"
 type="FUNCTIONPOOL" creationdate="20140827" author="U54G" lastmodificationdate="20140827" lastmodificationauthor="U54G">
  </PROGRAM>
  <PROGRAM name="SAPLZHCCO_AGEGROUP"
 type="FUNCTIONPOOL" creationdate="20140926" author="UP73" lastmodificationdate="20140926" lastmodificationauthor="UP73">
  </PROGRAM>
  <PROGRAM name="SAPLZHCCO_WGTLEVEL"
 type="FUNCTIONPOOL" creationdate="20140926" author="UP73" lastmodificationdate="20140926" lastmodificationauthor="UP73">
  </PROGRAM>
  <PROGRAM name="LZHC_LABORCOST_FEEDINGF01"
 type="INCLUDE" creationdate="20140827" author="U54G" lastmodificationdate="20151007" lastmodificationauthor="U2YF">
  </PROGRAM>
  <PROGRAM name="LZHC_LABORCOST_FEEDINGF02"
 type="INCLUDE" creationdate="20140827" author="U54G" lastmodificationdate="20170509" lastmodificationauthor="UB1K">
  </PROGRAM>
  <PROGRAM name="LZHC_LABORCOST_FEEDINGTOP" description="ZHC_LABORCOST_FEEDING"
 type="INCLUDE" creationdate="20140827" author="U8RY" lastmodificationdate="20141028" lastmodificationauthor="U54G">
  </PROGRAM>
  <PROGRAM name="LZHC_LABORCOST_FEEDINGU01" description="ZHC_LABORCOST_FEEDING"
 type="INCLUDE" creationdate="20140827" author="U54G" lastmodificationdate="20180109" lastmodificationauthor="UAJC">
  </PROGRAM>
  <PROGRAM name="LZHC_LABORCOST_FEEDINGUXX" status="SYSTEM"
 type="INCLUDE" creationdate="20140827" author="SAP*" lastmodificationdate="20141001" lastmodificationauthor="SAP*">
  </PROGRAM>
  <PROGRAM name="SAPLZHC_LABORCOST_FEEDING"
 type="FUNCTIONPOOL" creationdate="20140827" author="U8RY" lastmodificationdate="20141001" lastmodificationauthor="U8RY">
  </PROGRAM>
  <PROGRAM name="SAPLZTBHCPCECLASS"
 type="FUNCTIONPOOL" creationdate="20150428" author="U8XJ" lastmodificationdate="20150428" lastmodificationauthor="U8XJ">
  </PROGRAM>
  <PROGRAM name="LZ_GF_EXTRACTION_UOF01"
 type="INCLUDE" creationdate="20140827" author="U54G" lastmodificationdate="20140827" lastmodificationauthor="U54G">
  </PROGRAM>
  <PROGRAM name="LZ_GF_EXTRACTION_UOTOP" description="fm to get the UOs"
 type="INCLUDE" creationdate="20140827" author="U54G" lastmodificationdate="20140827" lastmodificationauthor="U54G">
  </PROGRAM>
  <PROGRAM name="LZ_GF_EXTRACTION_UOU01" description="fm to get the UOs"
 type="INCLUDE" creationdate="20140827" author="U54G" lastmodificationdate="20150204" lastmodificationauthor="U54G">
  </PROGRAM>
  <PROGRAM name="LZ_GF_EXTRACTION_UOUXX" status="SYSTEM"
 type="INCLUDE" creationdate="20140827" author="U54G" lastmodificationdate="20140827" lastmodificationauthor="U54G">
  </PROGRAM>
  <PROGRAM name="SAPLZ_GF_EXTRACTION_UO"
 type="FUNCTIONPOOL" creationdate="20140827" author="U54G" lastmodificationdate="20140827" lastmodificationauthor="U54G">
  </PROGRAM>
  <PROGRAM name="ZII_MI_ZHC_OPC_IN=============IP" description="Proxy Interface (generated)"
 type="INTERFACEPOOL" creationdate="20150127" author="U955" lastmodificationdate="20150211" lastmodificationauthor="U955">
  </PROGRAM>
  <PROGRAM name="ZII_MI_ZHC_OPC_IN=============IU" description="Proxy Interface (generated)"
 type="INTERFACEPOOL" creationdate="20150127" author="U955" lastmodificationdate="20150211" lastmodificationauthor="U955">
  </PROGRAM>
  <PROGRAM name="ZHCCOC001_COSTCID" description="Update Cost per CID (Actual Cost Model)"
 type="PROGRAM" creationdate="20140827" author="U54G" lastmodificationdate="20150310" lastmodificationauthor="U8RY">
  </PROGRAM>
  <PROGRAM name="ZHCCOC001_COSTCID_CLASS" description="Include ZHCCOC001_COSTCID_CLASS"
 type="INCLUDE" creationdate="20140827" author="U54G" lastmodificationdate="20141114" lastmodificationauthor="U54G">
  </PROGRAM>
  <PROGRAM name="ZHCCOC001_COSTCID_F01" description="Include ZHCCOC001_COSTCID_F01"
 type="INCLUDE" creationdate="20140827" author="U54G" lastmodificationdate="20170525" lastmodificationauthor="UB1K">
  </PROGRAM>
  <PROGRAM name="ZHCCOC001_COSTCID_PAI" description="Include ZHCCOC001_COSTCID_PAI"
 type="INCLUDE" creationdate="20140827" author="U54G" lastmodificationdate="20140926" lastmodificationauthor="U54G">
  </PROGRAM>
  <PROGRAM name="ZHCCOC001_COSTCID_PBO" description="Include ZHCCOC001_COSTCID_PBO"
 type="INCLUDE" creationdate="20140827" author="U54G" lastmodificationdate="20140926" lastmodificationauthor="U54G">
  </PROGRAM>
  <PROGRAM name="ZHCCOC001_COSTCID_TOP" description="Include ZHCCOC001_COSTCID_TOP"
 type="INCLUDE" creationdate="20140827" author="U54G" lastmodificationdate="20141014" lastmodificationauthor="U54G">
  </PROGRAM>
  <PROGRAM name="ZHCCOC002_COSTIO" description="Update Rate per IO (Standard Cost Model)"
 type="PROGRAM" creationdate="20140827" author="U54G" lastmodificationdate="20150310" lastmodificationauthor="U8RY">
  </PROGRAM>
  <PROGRAM name="ZHCCOC002_COSTIO_CLASS" description="Include ZHCCOC002_COSTIO_CLASS"
 type="INCLUDE" creationdate="20140827" author="U54G" lastmodificationdate="20141114" lastmodificationauthor="U54G">
  </PROGRAM>
  <PROGRAM name="ZHCCOC002_COSTIO_F01" description="Include ZHCCOC002_COSTIO_F01"
 type="INCLUDE" creationdate="20140827" author="U54G" lastmodificationdate="20141014" lastmodificationauthor="U54G">
  </PROGRAM>
  <PROGRAM name="ZHCCOC002_COSTIO_PAI" description="Include ZHCCOC002_COSTIO_PAI"
 type="INCLUDE" creationdate="20140827" author="U54G" lastmodificationdate="20140926" lastmodificationauthor="U54G">
  </PROGRAM>
  <PROGRAM name="ZHCCOC002_COSTIO_PBO" description="Include ZHCCOC002_COSTIO_PBO"
 type="INCLUDE" creationdate="20140827" author="U54G" lastmodificationdate="20140929" lastmodificationauthor="U54G">
  </PROGRAM>
  <PROGRAM name="ZHCCOC002_COSTIO_TOP" description="Include ZHCCOC002_COSTIO_TOP"
 type="INCLUDE" creationdate="20140827" author="U54G" lastmodificationdate="20141014" lastmodificationauthor="U54G">
  </PROGRAM>
  <PROGRAM name="ZHCCOC003_UPDATEFTE_HCCID" description="Update FTE and HC per CID"
 type="PROGRAM" creationdate="20140827" author="U54G" lastmodificationdate="20140827" lastmodificationauthor="U54G">
  </PROGRAM>
  <PROGRAM name="ZHCCOC003_UPDATEFTE_HCCIDCLASS" description="Include ZHCCOC003_UPDATEFTE_HCCIDCLASS"
 type="INCLUDE" creationdate="20140827" author="U54G" lastmodificationdate="20141006" lastmodificationauthor="U54G">
  </PROGRAM>
  <PROGRAM name="ZHCCOC003_UPDATEFTE_HCCID_F01" description="Include ZHCCOC003_UPDATEFTE_HCCID_F01"
 type="INCLUDE" creationdate="20140827" author="U54G" lastmodificationdate="20170216" lastmodificationauthor="UB1K">
  </PROGRAM>
  <PROGRAM name="ZHCCOC003_UPDATEFTE_HCCID_PAI" description="Include ZHCCOC003_UPDATEFTE_HCCID_PAI"
 type="INCLUDE" creationdate="20140827" author="U54G" lastmodificationdate="20161102" lastmodificationauthor="UAJD">
  </PROGRAM>
  <PROGRAM name="ZHCCOC003_UPDATEFTE_HCCID_PBO" description="Include ZHCCOC003_UPDATEFTE_HCCID_PBO"
 type="INCLUDE" creationdate="20140827" author="U54G" lastmodificationdate="20161102" lastmodificationauthor="UAJD">
  </PROGRAM>
  <PROGRAM name="ZHCCOC003_UPDATEFTE_HCCID_TOP" description="Include ZHCCOC003_UPDATEFTE_HCCID_TOP"
 type="INCLUDE" creationdate="20140827" author="U54G" lastmodificationdate="20141107" lastmodificationauthor="U54G">
  </PROGRAM>
  <PROGRAM name="ZHCCOC005_LABOR_COST_CONTROF01" description="Include ZHCCOC005_LABOR_COST_CONTROF01"
 type="INCLUDE" creationdate="20140827" author="U54G" lastmodificationdate="20170502" lastmodificationauthor="UB1K">
  </PROGRAM>
  <PROGRAM name="ZHCCOC005_LABOR_COST_CONTROL" description="FTE / HC and Cost per CID download"
 type="PROGRAM" creationdate="20140827" author="U54G" lastmodificationdate="20171113" lastmodificationauthor="UB5Z">
  </PROGRAM>
  <PROGRAM name="ZHCCOC005_L_COST_CONTROL_TOP" description="Include ZHCCOC005_L_COST_CONTROL_TOP"
 type="INCLUDE" creationdate="20140827" author="U54G" lastmodificationdate="20170427" lastmodificationauthor="UB1K">
  </PROGRAM>
  <PROGRAM name="ZHCCOC006_VALIDATEDISPLAYCLASS" description="Include ZHCCOC006_VALIDATEDISPLAYCLASS"
 type="INCLUDE" creationdate="20140827" author="U8RY" lastmodificationdate="20141009" lastmodificationauthor="U54G">
  </PROGRAM>
  <PROGRAM name="ZHCCOC006_VALIDATEDISPLAY_DATA" description="Labor Cost Planning – Validate and Display Data"
 type="PROGRAM" creationdate="20140827" author="U8RY" lastmodificationdate="20140926" lastmodificationauthor="U54G">
  </PROGRAM>
  <PROGRAM name="ZHCCOC006_VALIDATEDISPLAY_DF01" description="Include ZHCCOC006_VALIDATEDISPLAY_DF01"
 type="INCLUDE" creationdate="20140827" author="U8RY" lastmodificationdate="20141113" lastmodificationauthor="U54G">
  </PROGRAM>
  <PROGRAM name="ZHCCOC006_VALIDATEDISPLAY_PAI" description="Include ZHCCOC006_VALIDATEDISPLAY_PAI"
 type="INCLUDE" creationdate="20140827" author="U8RY" lastmodificationdate="20140926" lastmodificationauthor="U54G">
  </PROGRAM>
  <PROGRAM name="ZHCCOC006_VALIDATEDISPLAY_PBO" description="Include ZHCCOC006_VALIDATEDISPLAY_PBO"
 type="INCLUDE" creationdate="20140827" author="U8RY" lastmodificationdate="20140827" lastmodificationauthor="U8RY">
  </PROGRAM>
  <PROGRAM name="ZHCCOC006_VALIDATEDISPLAY_TOP" description="Include ZHCCOC006_VALIDATEDISPLAY_TOP"
 type="INCLUDE" creationdate="20140827" author="U8RY" lastmodificationdate="20141107" lastmodificationauthor="U54G">
  </PROGRAM>
  <PROGRAM name="ZHCCOC007_OVERTIMEUP_ALLOC" status="STANDARD" description="Labor Cost Planning – Manage Overtime"
 type="PROGRAM" creationdate="20140917" author="U54G" lastmodificationdate="20140917" lastmodificationauthor="U54G">
  </PROGRAM>
  <PROGRAM name="ZHCCOC007_OVERTIMEUP_ALLOC_F01" status="STANDARD" description="Include ZHCCOC007_OVERTIMEUP_ALLOC_F01"
 type="INCLUDE" creationdate="20140917" author="U54G" lastmodificationdate="20141103" lastmodificationauthor="U54G">
  </PROGRAM>
  <PROGRAM name="ZHCCOC007_OVERTIMEUP_CLASS" description="Include ZHCCOC007_OVERTIMEUP_CLASS"
 type="INCLUDE" creationdate="20140917" author="U8RY" lastmodificationdate="20140926" lastmodificationauthor="U54G">
  </PROGRAM>
  <PROGRAM name="ZHCCOC007_OVERTIMEUP_PAI" description="Include ZHCCOC007_OVERTIMEUP_PAI"
 type="INCLUDE" creationdate="20140917" author="U54G" lastmodificationdate="20140917" lastmodificationauthor="U54G">
  </PROGRAM>
  <PROGRAM name="ZHCCOC007_OVERTIMEUP_PBO" status="STANDARD" description="Include ZHCCOC007_OVERTIMEUP_ALLOC_PBO"
 type="INCLUDE" creationdate="20140827" author="U54G" lastmodificationdate="20141103" lastmodificationauthor="U54G">
  </PROGRAM>
  <PROGRAM name="ZHCCOC007_OVERTIMEUP_TOP" description="Include ZHCCOC007_OVERTIMEUP_TOP"
 type="INCLUDE" creationdate="20140917" author="U54G" lastmodificationdate="20141103" lastmodificationauthor="U54G">
  </PROGRAM>
  <PROGRAM name="ZHCCOC008_GOVERNANCE_MONITOR" description="Process Governance and Monitoring"
 type="PROGRAM" creationdate="20140901" author="U54G" lastmodificationdate="20140917" lastmodificationauthor="U54G">
  </PROGRAM>
  <PROGRAM name="ZHCCOC008_GOV_MON_CLASS" description="Include ZHCCOC008_GOV_MON_CLASS"
 type="INCLUDE" creationdate="20140901" author="U54G" lastmodificationdate="20150428" lastmodificationauthor="U8RY">
  </PROGRAM>
  <PROGRAM name="ZHCCOC008_GOV_MON_F01" description="Include ZHCCOC008_GOV_MON_F01"
 type="INCLUDE" creationdate="20140901" author="U54G" lastmodificationdate="20150428" lastmodificationauthor="U8RY">
  </PROGRAM>
  <PROGRAM name="ZHCCOC008_GOV_MON_PAI" description="Include ZHCCOC008_GOV_MON_PAI"
 type="INCLUDE" creationdate="20140901" author="U54G" lastmodificationdate="20141006" lastmodificationauthor="U54G">
  </PROGRAM>
  <PROGRAM name="ZHCCOC008_GOV_MON_PBO" description="Include ZHCCOC008_GOV_MON_PBO"
 type="INCLUDE" creationdate="20140901" author="U54G" lastmodificationdate="20141006" lastmodificationauthor="U54G">
  </PROGRAM>
  <PROGRAM name="ZHCCOC008_GOV_MON_TOP" description="Include ZHCCOC008_GOV_MON_TOP"
 type="INCLUDE" creationdate="20140901" author="U54G" lastmodificationdate="20150428" lastmodificationauthor="U8RY">
  </PROGRAM>
  <PROGRAM name="ZHCCOC009_LABOR_CCONTROL_UMENU" description="Labor Cost Control User Menu"
 type="PROGRAM" creationdate="20140901" author="U54G" lastmodificationdate="20141006" lastmodificationauthor="U54G">
  </PROGRAM>
  <PROGRAM name="ZHCCOC012_P_P_MASTER_DATA" description="Personnel and Position Master Data extraction"
 type="PROGRAM" creationdate="20141014" author="U54G" lastmodificationdate="20170217" lastmodificationauthor="UAJD">
  </PROGRAM>
  <PROGRAM name="ZHCCOC012_P_P_MASTER_DATA_F01" description="Include ZHCCOC012_P_P_MASTER_DATA_F01"
 type="INCLUDE" creationdate="20141014" author="U54G" lastmodificationdate="20170503" lastmodificationauthor="UB1K">
  </PROGRAM>
  <PROGRAM name="ZHCCOC012_P_P_MASTER_DATA_F02" description="Include ZHCCOC012_P_P_MASTER_DATA_F02"
 type="INCLUDE" creationdate="20151127" author="U8RY" lastmodificationdate="20151211" lastmodificationauthor="U8RY">
  </PROGRAM>
  <PROGRAM name="ZHCCOC012_P_P_MASTER_DATA_TOP" description="Include ZHCCOC012_P_P_MASTER_DATA_TOP"
 type="INCLUDE" creationdate="20141014" author="U54G" lastmodificationdate="20170502" lastmodificationauthor="UB1K">
  </PROGRAM>
  <PROGRAM name="ZHCCOC013_P_GOVERNANCE_MONIF01" description="Include ZHCCOC013_P_GOVERNANCE_MONIF01"
 type="INCLUDE" creationdate="20150119" author="U54G" lastmodificationdate="20151215" lastmodificationauthor="U8RY">
  </PROGRAM>
  <PROGRAM name="ZHCCOC013_P_GOVERNANCE_MONITOR" description="Process governance and monitoring - Actual"
 type="PROGRAM" creationdate="20150119" author="U8RY" lastmodificationdate="20150127" lastmodificationauthor="U54G">
  </PROGRAM>
  <PROGRAM name="ZHCCOC013_P_GOV_MONIO01_CLALV" description="Include ZHCCOC013_P_GOV_MONIO01_CLALV"
 type="INCLUDE" creationdate="20150119" author="U54G" lastmodificationdate="20150119" lastmodificationauthor="U54G">
  </PROGRAM>
  <PROGRAM name="ZHCCOC013_P_GOV_MONIO01_EVENT" description="Include ZHCCOC013_P_GOV_MONIO01_EVENT"
 type="INCLUDE" creationdate="20150119" author="U54G" lastmodificationdate="20151211" lastmodificationauthor="U8RY">
  </PROGRAM>
  <PROGRAM name="ZHCCOC013_P_GOV_MONIO01_PAI" description="Include ZHCCOC013_P_GOV_MONIO01_PAI"
 type="INCLUDE" creationdate="20150119" author="U54G" lastmodificationdate="20150119" lastmodificationauthor="U54G">
  </PROGRAM>
  <PROGRAM name="ZHCCOC013_P_GOV_MONIO01_PBO" description="Include ZHCCOC013_P_GOV_MONIO01_PBO"
 type="INCLUDE" creationdate="20150119" author="U8RY" lastmodificationdate="20150119" lastmodificationauthor="U8RY">
  </PROGRAM>
  <PROGRAM name="ZHCCOC013_P_GOV_MONIO01_TOP" description="Include ZHCCOC013_P_GOV_MONIO01_TOP"
 type="INCLUDE" creationdate="20150119" author="U54G" lastmodificationdate="20151211" lastmodificationauthor="U8RY">
  </PROGRAM>
  <PROGRAM name="ZHCCOC014_HCABROAD" description="HC extraction (Actual Cost Model)"
 type="PROGRAM" creationdate="20141201" author="U8ZP" lastmodificationdate="20170711" lastmodificationauthor="U5WA">
  </PROGRAM>
  <PROGRAM name="ZHCCOC015_ACCRUALUPDCIDLVL_ALV" description="Include ZHCCOC015_ACCRUALUPDCIDLVL_ALV"
 type="INCLUDE" creationdate="20150119" author="U54G" lastmodificationdate="20150127" lastmodificationauthor="U54G">
  </PROGRAM>
  <PROGRAM name="ZHCCOC015_ACCRUALUPDCIDLVL_EVN" description="Include ZHCCOC015_ACCRUALUPDCIDLVL_EVN"
 type="INCLUDE" creationdate="20150119" author="U54G" lastmodificationdate="20150119" lastmodificationauthor="U54G">
  </PROGRAM>
  <PROGRAM name="ZHCCOC015_ACCRUALUPDCIDLVL_F01" description="Include ZHCCOC015_ACCRUALUPDCIDLVL_F01"
 type="INCLUDE" creationdate="20150119" author="U54G" lastmodificationdate="20161010" lastmodificationauthor="UAJD">
  </PROGRAM>
  <PROGRAM name="ZHCCOC015_ACCRUALUPDCIDLVL_PAI" description="Include ZHCCOC015_ACCRUALUPDCIDLVL_PAI"
 type="INCLUDE" creationdate="20150119" author="U54G" lastmodificationdate="20151201" lastmodificationauthor="U8RY">
  </PROGRAM>
  <PROGRAM name="ZHCCOC015_ACCRUALUPDCIDLVL_PBO" description="Include ZHCCOC015_ACCRUALUPDCIDLVL_PBO"
 type="INCLUDE" creationdate="20150119" author="U54G" lastmodificationdate="20151201" lastmodificationauthor="U8RY">
  </PROGRAM>
  <PROGRAM name="ZHCCOC015_ACCRUALUPDCIDLVL_TOP" description="Include ZHCCOC015_ACCRUALUPDCIDLVL_TOP"
 type="INCLUDE" creationdate="20150119" author="U54G" lastmodificationdate="20161010" lastmodificationauthor="UAJD">
  </PROGRAM>
  <PROGRAM name="ZHCCOC015_ACCRUALUPLOADCIDLVL" description="Accrual upload at CID level"
 type="PROGRAM" creationdate="20150119" author="U54G" lastmodificationdate="20151201" lastmodificationauthor="U8RY">
  </PROGRAM>
  <PROGRAM name="ZHCCOC016_PVACTALL" status="CUSTOM" description="Labor Cost Planning – Price Variance Actual Allocation"
 type="PROGRAM" creationdate="20150127" author="U8RY" lastmodificationdate="20150428" lastmodificationauthor="U8RY">
  </PROGRAM>
  <PROGRAM name="ZHCCOC016_PVALL" status="CUSTOM" description="Labor Cost Planning – Price Variance Forecast Allocation"
 type="PROGRAM" creationdate="20150127" author="U8RY" lastmodificationdate="20161115" lastmodificationauthor="UAKB">
  </PROGRAM>
  <PROGRAM name="ZHCCOI004_EXPTOBW" status="CUSTOM" description="Labor Cost Budget/Forecast from HC to BW"
 type="PROGRAM" creationdate="20150428" author="U8RY" lastmodificationdate="20171220" lastmodificationauthor="U5WA">
  </PROGRAM>
  <PROGRAM name="ZHCCOI006_LPAYROLL_ACTLABCOI01" description="Include ZHCCOI006_LPAYROLL_ACTLABCOI01"
 type="INCLUDE" creationdate="20150119" author="U54G" lastmodificationdate="20150119" lastmodificationauthor="U54G">
  </PROGRAM>
  <PROGRAM name="ZHCCOI006_LPAYROLL_ACTLABCOSTC" description="Local Payroll to SAP HC and Actual Labor cost Calculation"
 type="PROGRAM" creationdate="20150119" author="U54G" lastmodificationdate="20150127" lastmodificationauthor="U54G">
  </PROGRAM>
  <PROGRAM name="ZHCCOI006_LPAYR_CTLABCOSTC_ALV" description="Include ZHCCOI006_LPAYR_CTLABCOSTC_ALV"
 type="INCLUDE" creationdate="20150119" author="U54G" lastmodificationdate="20150212" lastmodificationauthor="U54G">
  </PROGRAM>
  <PROGRAM name="ZHCCOI006_LPAYR_CTLABCOSTC_F01" description="Include ZHCCOI006_LPAYR_CTLABCOSTC_F01"
 type="INCLUDE" creationdate="20150119" author="U54G" lastmodificationdate="20170502" lastmodificationauthor="UB1K">
  </PROGRAM>
  <PROGRAM name="ZHCCOI006_LPAYR_CTLABCOSTC_PAI" description="Include ZHCCOI006_LPAYR_CTLABCOSTC_PAI"
 type="INCLUDE" creationdate="20150119" author="U54G" lastmodificationdate="20150212" lastmodificationauthor="U54G">
  </PROGRAM>
  <PROGRAM name="ZHCCOI006_LPAYR_CTLABCOSTC_PBO" description="Include ZHCCOI006_LPAYR_CTLABCOSTC_PBO"
 type="INCLUDE" creationdate="20150119" author="U54G" lastmodificationdate="20150119" lastmodificationauthor="U54G">
  </PROGRAM>
  <PROGRAM name="ZHCCOI006_LPAYR_CTLABCOSTC_TOP" description="Include ZHCCOI006_LPAYR_CTLABCOSTC_TOP"
 type="INCLUDE" creationdate="20150119" author="U54G" lastmodificationdate="20150422" lastmodificationauthor="U8RY">
  </PROGRAM>
  <PROGRAM name="ZHCCOI007_OPC" status="CUSTOM" description="OPC balance at WT2 and Cost Center level"
 type="PROGRAM" creationdate="20150127" author="U8RY" lastmodificationdate="20150428" lastmodificationauthor="U8RY">
  </PROGRAM>
  <PROGRAM name="ZHCCOI007_OPCALL" status="CUSTOM" description="OPC at CID level"
 type="PROGRAM" creationdate="20150127" author="U8RY" lastmodificationdate="20170718" lastmodificationauthor="UB5Z">
  </PROGRAM>
  <PROGRAM name="ZHCPAR_SALARYPLAN_3" description="Report SALARY PLAN"
 type="PROGRAM" creationdate="20141215" author="U8ZP" lastmodificationdate="20170216" lastmodificationauthor="UB1K">
  </PROGRAM>
  <PROGRAM name="ZHCPYC003_MKTSALARY" description="External Market Data for Country"
 type="PROGRAM" creationdate="20141215" author="U8ZP" lastmodificationdate="20160201" lastmodificationauthor="U2YF">
  </PROGRAM>
  <PROGRAM name="ZHC_ELIGIBILITY" description="Comp. Eligibility upload"
 type="PROGRAM" creationdate="20141215" author="U8ZP" lastmodificationdate="20141222" lastmodificationauthor="U8ZP">
  </PROGRAM>
  <PROGRAM name="ZHC_RAISE_CHAIN" status="CUSTOM" description="Program to trigger BW chain"
 type="PROGRAM" creationdate="20150311" author="U8RY" lastmodificationdate="20150311" lastmodificationauthor="U8RY">
  </PROGRAM>
  <PROGRAM name="ZTESTRT2" description="test"
 type="PROGRAM" creationdate="20141006" author="U54G" lastmodificationdate="20150309" lastmodificationauthor="U8RY">
  </PROGRAM>
</PGDESCRIPTIONS>
