<?xml version="1.0" encoding="utf-8" ?>
<PGDESCRIPTIONS package="YHOP">
<extractor_prog version="7.0.2 for SAP ECC6" date="20180213" SAPVersion="702"/>
  <PROGRAM name="SAPLYHOP" description="ARGUS Chart - OrgPublisher Inteface"
 type="FUNCTIONPOOL" creationdate="20100204" author="PATRICKB" lastmodificationdate="20100204" lastmodificationauthor="PATRICKB">
  </PROGRAM>
  <PROGRAM name="YHTVOPDW" description="Connector for OrgPublisher - Customizing downloader"
 type="PROGRAM" creationdate="20100204" author="PATRICKB" lastmodificationdate="20100204" lastmodificationauthor="PATRICKB">
  </PROGRAM>
  <PROGRAM name="YHOP_OTM_PG_MAIN" status="CUSTOM" description="Connector for OrgPublisher - OTM File maintenance"
 type="PROGRAM" creationdate="20100204" author="PATRICKB" lastmodificationdate="20100204" lastmodificationauthor="PATRICKB">
  </PROGRAM>
  <PROGRAM name="YHOP_RTD_PG_MAIN" description="Connector for OrgPublisher - Runtime table download program"
 type="PROGRAM" creationdate="20100204" author="BJORNB" lastmodificationdate="20100204" lastmodificationauthor="BJORNB">
  </PROGRAM>
  <PROGRAM name="YHTVOP00" description="Connector for OrgPublisher"
 type="PROGRAM" creationdate="20100204" author="PATRICKB" lastmodificationdate="20100204" lastmodificationauthor="PATRICKB">
  </PROGRAM>
  <PROGRAM name="YHTVOP01" description="Connector for OrgPublisher - Extraction program"
 type="PROGRAM" creationdate="20100204" author="PATRICKB" lastmodificationdate="20100204" lastmodificationauthor="PATRICKB">
  </PROGRAM>
  <PROGRAM name="YHTVOP02" description="Connector for OrgPublisher - Extraction program"
 type="PROGRAM" creationdate="20100204" author="PATRICKB" lastmodificationdate="20100204" lastmodificationauthor="PATRICKB">
  </PROGRAM>
  <PROGRAM name="YHTVOPC0" description="Connector for OrgPublisher - Customizing uploader"
 type="INCLUDE" creationdate="20100204" author="PATRICKB" lastmodificationdate="20100204" lastmodificationauthor="PATRICKB">
  </PROGRAM>
  <PROGRAM name="YHTVOPC1" description="Connector for OrgPublisher - Customizing uploader"
 type="INCLUDE" creationdate="20100204" author="ELSS" lastmodificationdate="20100204" lastmodificationauthor="ELSS">
  </PROGRAM>
  <PROGRAM name="YHTVOPC3" description="Connector for OrgPublisher - Customizing uploader (Modules)"
 type="INCLUDE" creationdate="20100204" author="PATRICKB" lastmodificationdate="20100204" lastmodificationauthor="PATRICKB">
  </PROGRAM>
  <PROGRAM name="YHTVOPC4" description="Connector for OrgPublisher - Customizing uploader (Forms)"
 type="INCLUDE" creationdate="20100204" author="PATRICKB" lastmodificationdate="20100204" lastmodificationauthor="PATRICKB">
  </PROGRAM>
  <PROGRAM name="YHTVOPCC" description="ARINSO Connector : Customizing synchronizer"
 type="PROGRAM" creationdate="20100204" author="ELSS" lastmodificationdate="20100204" lastmodificationauthor="ELSS">
  </PROGRAM>
  <PROGRAM name="YHTVOPF1" description="Connector for OrgPublisher - Technical columns forms"
 type="PROGRAM" creationdate="20100204" author="PATRICKB" lastmodificationdate="20100204" lastmodificationauthor="PATRICKB">
  </PROGRAM>
  <PROGRAM name="YHTVOPF2" description="Connector for OrgPublisher - Custom columns Forms"
 type="PROGRAM" creationdate="20100204" author="ELSS" lastmodificationdate="20100204" lastmodificationauthor="ELSS">
  </PROGRAM>
  <PROGRAM name="YHTVOPF9" description="Connector for OrgPublisher - Additional submitted forms"
 type="INCLUDE" creationdate="20100204" author="IVY" lastmodificationdate="20100204" lastmodificationauthor="IVY">
  </PROGRAM>
  <PROGRAM name="YHTVOPI0" description="Connector for OrgPublisher - Main program"
 type="INCLUDE" creationdate="20100204" author="PATRICKB" lastmodificationdate="20100309" lastmodificationauthor="BJORNB">
  </PROGRAM>
  <PROGRAM name="YHTVOPI1" description="Connector for OrgPublisher - Main interface | Data declaration"
 type="INCLUDE" creationdate="20100204" author="PATRICKB" lastmodificationdate="20100309" lastmodificationauthor="BJORNB">
  </PROGRAM>
  <PROGRAM name="YHTVOPI2" description="Connector for OrgPublisher - Main interface | Selection screen"
 type="INCLUDE" creationdate="20100204" author="PATRICKB" lastmodificationdate="20100204" lastmodificationauthor="PATRICKB">
  </PROGRAM>
  <PROGRAM name="YHTVOPI3" description="Connector for OrgPublisher - Main interface | Processing blocks"
 type="INCLUDE" creationdate="20100204" author="PATRICKB" lastmodificationdate="20100204" lastmodificationauthor="PATRICKB">
  </PROGRAM>
  <PROGRAM name="YHTVOPI4" description="Connector for OrgPublisher - Main interface | Forms"
 type="INCLUDE" creationdate="20100204" author="PATRICKB" lastmodificationdate="20100309" lastmodificationauthor="BJORNB">
  </PROGRAM>
  <PROGRAM name="YHTVOPI5" description="Connector for OrgPublisher - Main interface | Class definitions"
 type="INCLUDE" creationdate="20100204" author="PATRICKB" lastmodificationdate="20100204" lastmodificationauthor="PATRICKB">
  </PROGRAM>
  <PROGRAM name="YHTVOPIG" description="Connector for OrgPublisher - Implementation guide"
 type="PROGRAM" creationdate="20100204" author="IVY" lastmodificationdate="20100204" lastmodificationauthor="IVY">
  </PROGRAM>
  <PROGRAM name="YHTVOPIW" description="Connector for OrgPublisher - Customizing downloader"
 type="INCLUDE" creationdate="20100204" author="PATRICKB" lastmodificationdate="20100204" lastmodificationauthor="PATRICKB">
  </PROGRAM>
  <PROGRAM name="YHTVOPU1" description="Connector for OrgPublisher - Customer exit after extraction"
 type="PROGRAM" creationdate="20100204" author="IVY" lastmodificationdate="20100204" lastmodificationauthor="IVY">
  </PROGRAM>
  <PROGRAM name="YHTVOPU2" description="Connector for OrgPublisher - Customer exit at row assembly"
 type="PROGRAM" creationdate="20100204" author="PATRICKB" lastmodificationdate="20100204" lastmodificationauthor="PATRICKB">
  </PROGRAM>
  <PROGRAM name="YHTVOPY1" description="Connector for OrgPublisher - Direct-Indirect counter report"
 type="PROGRAM" creationdate="20100204" author="IVY" lastmodificationdate="20100204" lastmodificationauthor="IVY">
  </PROGRAM>
</PGDESCRIPTIONS>
