<?xml version="1.0" encoding="utf-8" ?>
<PGDESCRIPTIONS package="ZTSRFC1">
<extractor_prog version="7.0.2 for SAP ECC6" date="20180213" SAPVersion="702"/>
  <PROGRAM name="LZTSBCSFRFCTOP" description="Software Inventory RFC management"
 type="INCLUDE" creationdate="20160916" author="U13X" lastmodificationdate="20160916" lastmodificationauthor="U13X">
  </PROGRAM>
  <PROGRAM name="LZTSBCSFRFCU01" description="Software Inventory RFC management"
 type="INCLUDE" creationdate="20160916" author="U13X" lastmodificationdate="20160916" lastmodificationauthor="U13X">
  </PROGRAM>
  <PROGRAM name="LZTSBCSFRFCU02" description="Software Inventory RFC management"
 type="INCLUDE" creationdate="20160916" author="U13X" lastmodificationdate="20160916" lastmodificationauthor="U13X">
  </PROGRAM>
  <PROGRAM name="LZTSBCSFRFCU03" description="Software Inventory RFC management"
 type="INCLUDE" creationdate="20160916" author="U13X" lastmodificationdate="20160916" lastmodificationauthor="U13X">
  </PROGRAM>
  <PROGRAM name="LZTSBCSFRFCUXX" status="SYSTEM"
 type="INCLUDE" creationdate="20160916" author="SAP*" lastmodificationdate="20160916" lastmodificationauthor="SAP*">
  </PROGRAM>
  <PROGRAM name="SAPLZTSBCSFRFC"
 type="FUNCTIONPOOL" creationdate="20160916" author="U13X" lastmodificationdate="20160916" lastmodificationauthor="U13X">
  </PROGRAM>
  <PROGRAM name="ZTSBCI_RFC_READAUT" status="CUSTOM" description="Include for RFC Z_TSBC_RFC_READAUT"
 type="INCLUDE" creationdate="20160916" author="U13X" lastmodificationdate="20160916" lastmodificationauthor="U13X">
  </PROGRAM>
</PGDESCRIPTIONS>
