<?xml version="1.0" encoding="utf-8" ?>
<VIEWS>
<extractor_tab version="7.0.2 for SAP ECC5, ECC6" date="20180213" SAPVersion="702"/>
<PACKAGE Name="ZHCCO" >
<VIEW Name="ZHCCO_BUS_PART_V" Description="Generated Table for View" >
<COLUMNS>
<COLUMN Name="ZBUSPART" PK="YES" DataType="NUMC" Nullability="NULL" Precfield="" />
<COLUMN Name="ENAME" PK="YES" DataType="CHAR" Nullability="NULL" Precfield="" />
</COLUMNS>
<FKS>
<FK Fieldname="ZBUSPART" FRKart="" CardLeft="" Card="" Checkflag="" >
<FKLINKS>
<FKLINK Fortable="SYST" Forkey="MANDT" Checktable="ZHCOM_BUSPART" Checkfield="MANDT" />
<FKLINK Fortable="SYST" Forkey="MANDT" Checktable="ZHCOM_BUSPART" Checkfield="MANDT" />
<FKLINK Fortable="*" Forkey="" Checktable="ZHCOM_BUSPART" Checkfield="MOLGA" />
<FKLINK Fortable="*" Forkey="" Checktable="ZHCOM_BUSPART" Checkfield="MOLGA" />
<FKLINK Fortable="ZHCCO_BUS_PART_V" Forkey="ZBUSPART" Checktable="ZHCOM_BUSPART" Checkfield="ZBUSPART" />
<FKLINK Fortable="ZHCCO_BUS_PART_V" Forkey="ZBUSPART" Checktable="ZHCOM_BUSPART" Checkfield="ZBUSPART" />
</FKLINKS>
</FK>
</FKS>
<TABLES>
<TABLE Name="HRP9901" />
<TABLE Name="PA0001" />
</TABLES>
<JOIN_CONDITIONS>
<JOIN Table1="HRP9901" Column1="ZCID" Operator="EQ" Table2="PA0001" Column2="PERNR" />
<JOIN Table1="HRP9901" Column1="ENDDA" Operator="EQ" Table2="PA0001" Column2="ENDDA" />
</JOIN_CONDITIONS>
<SELECTION_CONDITIONS>
<SELECTION Table="HRP9901" Column="ENDDA" Operator="EQ" Value="'99991231'" AndOr="AND" />
</SELECTION_CONDITIONS>
</VIEW>
<VIEW Name="ZHCCO_SUPERCID_V" Description="Generated Table for View" >
<COLUMNS>
<COLUMN Name="SOBID" PK="YES" DataType="CHAR" Nullability="NULL" Precfield="" />
<COLUMN Name="LANGU" PK="YES" DataType="LANG" Nullability="NULL" Precfield="" />
<COLUMN Name="STEXT" PK="YES" DataType="CHAR" Nullability="NULL" Precfield="" />
</COLUMNS>
<FKS>
<FK Fieldname="LANGU" FRKart="KEY" CardLeft="1" Card="CN" Checkflag="" >
<FKLINKS>
<FKLINK Fortable="ZHCCO_SUPERCID_V" Forkey="LANGU" Checktable="T002" Checkfield="SPRAS" />
</FKLINKS>
</FK>
</FKS>
<TABLES>
<TABLE Name="HRP1001" />
<TABLE Name="HRP1000" />
</TABLES>
<JOIN_CONDITIONS>
<JOIN Table1="HRP1001" Column1="SOBID" Operator="EQ" Table2="HRP1000" Column2="OBJID" />
<JOIN Table1="HRP1001" Column1="ENDDA" Operator="EQ" Table2="HRP1000" Column2="ENDDA" />
</JOIN_CONDITIONS>
<SELECTION_CONDITIONS>
<SELECTION Table="HRP1001" Column="ENDDA" Operator="EQ" Value="'99991231'" AndOr="AND" />
</SELECTION_CONDITIONS>
</VIEW>
</PACKAGE>
<PACKAGE Name="ZHCPAOM" >
<VIEW Name="ZHCV_TALENT_PDP" Description="Generierte Tabelle zu einem View" >
<COLUMNS>
<COLUMN Name="CID" PK="YES" DataType="NUMC" Nullability="NULL" Precfield="" />
<COLUMN Name="ID_PDP" PK="YES" DataType="CHAR" Nullability="NULL" Precfield="" />
<COLUMN Name="COGNOME" PK="YES" DataType="CHAR" Nullability="NULL" Precfield="" />
<COLUMN Name="NOME" PK="YES" DataType="CHAR" Nullability="NULL" Precfield="" />
</COLUMNS>
<TABLES>
<TABLE Name="PA0033" />
<TABLE Name="PA0032" />
<TABLE Name="PA0002" />
</TABLES>
<JOIN_CONDITIONS>
<JOIN Table1="PA0033" Column1="PERNR" Operator="EQ" Table2="PA0032" Column2="PERNR" />
<JOIN Table1="PA0033" Column1="PERNR" Operator="EQ" Table2="PA0002" Column2="PERNR" />
</JOIN_CONDITIONS>
<SELECTION_CONDITIONS>
</SELECTION_CONDITIONS>
</VIEW>
</PACKAGE>
<PACKAGE Name="ZHC0000001" >
<VIEW Name="ZVJOB_FML" Description="Generated Table for View ZVJOB_FML" >
<COLUMNS>
<COLUMN Name="PLVAR" PK="YES" DataType="CHAR" Nullability="NULL" Precfield="" />
<COLUMN Name="OTYPE" PK="YES" DataType="CHAR" Nullability="NULL" Precfield="" />
<COLUMN Name="OBJID" PK="YES" DataType="NUMC" Nullability="NULL" Precfield="" />
<COLUMN Name="BEGDA" PK="YES" DataType="DATS" Nullability="NULL" Precfield="" />
<COLUMN Name="ENDDA" PK="YES" DataType="DATS" Nullability="NULL" Precfield="" />
<COLUMN Name="MC_SHORT" PK="YES" DataType="CHAR" Nullability="NULL" Precfield="" />
<COLUMN Name="MC_STEXT" PK="YES" DataType="CHAR" Nullability="NULL" Precfield="" />
</COLUMNS>
<TABLES>
<TABLE Name="HRP1000" />
</TABLES>
<SELECTION_CONDITIONS>
<SELECTION Table="HRP1000" Column="PLVAR" Operator="EQ" Value="'01'" AndOr="AND" />
</SELECTION_CONDITIONS>
</VIEW>
</PACKAGE>
</VIEWS>
