<?xml version="1.0" encoding="utf-8" ?>
<PGDESCRIPTIONS package="ZTS01">
<extractor_prog version="7.0.2 for SAP ECC6" date="20180213" SAPVersion="702"/>
  <PROGRAM name="ZTSBC_LIST_ROLE" description="User list"
 type="PROGRAM" creationdate="20160324" author="U39Q" lastmodificationdate="20160324" lastmodificationauthor="U39Q">
  </PROGRAM>
  <PROGRAM name="ZTSBC_LIST_USER" description="User list"
 type="PROGRAM" creationdate="20130924" author="U39Q" lastmodificationdate="20130924" lastmodificationauthor="U39Q">
  </PROGRAM>
  <PROGRAM name="ZTSBC_UPDJOBCREATOR" status="CUSTOM" description="Change OWNER job"
 type="PROGRAM" creationdate="20140514" author="U915" lastmodificationdate="20141002" lastmodificationauthor="U39Q">
  </PROGRAM>
  <PROGRAM name="Z_OSSNOTE_436119" status="CUSTOM" description="Z_OSSNOTE_436119"
 type="PROGRAM" creationdate="20111222" author="U915" lastmodificationdate="20111222" lastmodificationauthor="U915">
  </PROGRAM>
  <PROGRAM name="Z_OSSNOTE_436119_ADRNUM_PERNUM" status="CUSTOM" description="Z_OSSNOTE_436119_ADRNUM_PERNUM"
 type="PROGRAM" creationdate="20111222" author="U915" lastmodificationdate="20111222" lastmodificationauthor="U915">
  </PROGRAM>
</PGDESCRIPTIONS>
