<?xml version="1.0" encoding="utf-8" ?>
<PGDESCRIPTIONS package="ZHC0000001">
<extractor_prog version="7.0.2 for SAP ECC6" date="20180213" SAPVersion="702"/>
  <PROGRAM name="ZCL_HRPA_INFOTYPE_9800========CI" description="Cl. ctrl per info-type 9800"
 type="OTHER" creationdate="20091030" author="U2YF" lastmodificationdate="20091030" lastmodificationauthor="U2YF">
  </PROGRAM>
  <PROGRAM name="ZCL_HRPA_INFOTYPE_9800========CL" description="Cl. ctrl per info-type 9800"
 type="OTHER" creationdate="20091030" author="U2YF" lastmodificationdate="20091030" lastmodificationauthor="U2YF">
  </PROGRAM>
  <PROGRAM name="ZCL_HRPA_INFOTYPE_9800========CO" description="Cl. ctrl per info-type 9800"
 type="OTHER" creationdate="20091030" author="U2YF" lastmodificationdate="20091030" lastmodificationauthor="U2YF">
  </PROGRAM>
  <PROGRAM name="ZCL_HRPA_INFOTYPE_9800========CP" description="Cl. ctrl per info-type 9800"
 type="CLASSPOOL" creationdate="20091030" author="U2YF" lastmodificationdate="20091030" lastmodificationauthor="U2YF">
  </PROGRAM>
  <PROGRAM name="ZCL_HRPA_INFOTYPE_9800========CT" description="Cl. ctrl per info-type 9800"
 type="OTHER" creationdate="20091030" author="U2YF" lastmodificationdate="20091030" lastmodificationauthor="U2YF">
  </PROGRAM>
  <PROGRAM name="ZCL_HRPA_INFOTYPE_9800========CU" description="Cl. ctrl per info-type 9800"
 type="OTHER" creationdate="20091030" author="U2YF" lastmodificationdate="20091030" lastmodificationauthor="U2YF">
  </PROGRAM>
  <PROGRAM name="ZCL_HRPA_INFOTYPE_9801========CI" description="Cl. ctrl per info-type 9801"
 type="OTHER" creationdate="20091030" author="U2YF" lastmodificationdate="20091030" lastmodificationauthor="U2YF">
  </PROGRAM>
  <PROGRAM name="ZCL_HRPA_INFOTYPE_9801========CL" description="Cl. ctrl per info-type 9801"
 type="OTHER" creationdate="20091030" author="U2YF" lastmodificationdate="20091030" lastmodificationauthor="U2YF">
  </PROGRAM>
  <PROGRAM name="ZCL_HRPA_INFOTYPE_9801========CO" description="Cl. ctrl per info-type 9801"
 type="OTHER" creationdate="20091030" author="U2YF" lastmodificationdate="20091030" lastmodificationauthor="U2YF">
  </PROGRAM>
  <PROGRAM name="ZCL_HRPA_INFOTYPE_9801========CP" description="Cl. ctrl per info-type 9801"
 type="CLASSPOOL" creationdate="20091030" author="U2YF" lastmodificationdate="20091030" lastmodificationauthor="U2YF">
  </PROGRAM>
  <PROGRAM name="ZCL_HRPA_INFOTYPE_9801========CT" description="Cl. ctrl per info-type 9801"
 type="OTHER" creationdate="20091030" author="U2YF" lastmodificationdate="20091030" lastmodificationauthor="U2YF">
  </PROGRAM>
  <PROGRAM name="ZCL_HRPA_INFOTYPE_9801========CU" description="Cl. ctrl per info-type 9801"
 type="OTHER" creationdate="20091030" author="U2YF" lastmodificationdate="20091030" lastmodificationauthor="U2YF">
  </PROGRAM>
  <PROGRAM name="ZCL_HRPA_INFOTYPE_9905========CI" description="Cl. ctrl per info-type 9905"
 type="OTHER" creationdate="20110314" author="U2YF" lastmodificationdate="20110314" lastmodificationauthor="U2YF">
  </PROGRAM>
  <PROGRAM name="ZCL_HRPA_INFOTYPE_9905========CL" description="Cl. ctrl per info-type 9905"
 type="OTHER" creationdate="20110314" author="U2YF" lastmodificationdate="20110314" lastmodificationauthor="U2YF">
  </PROGRAM>
  <PROGRAM name="ZCL_HRPA_INFOTYPE_9905========CO" description="Cl. ctrl per info-type 9905"
 type="OTHER" creationdate="20110314" author="U2YF" lastmodificationdate="20110314" lastmodificationauthor="U2YF">
  </PROGRAM>
  <PROGRAM name="ZCL_HRPA_INFOTYPE_9905========CP" description="Cl. ctrl per info-type 9905"
 type="CLASSPOOL" creationdate="20110314" author="U2YF" lastmodificationdate="20110314" lastmodificationauthor="U2YF">
  </PROGRAM>
  <PROGRAM name="ZCL_HRPA_INFOTYPE_9905========CT" description="Cl. ctrl per info-type 9905"
 type="OTHER" creationdate="20110314" author="U2YF" lastmodificationdate="20110314" lastmodificationauthor="U2YF">
  </PROGRAM>
  <PROGRAM name="ZCL_HRPA_INFOTYPE_9905========CU" description="Cl. ctrl per info-type 9905"
 type="OTHER" creationdate="20110314" author="U2YF" lastmodificationdate="20110314" lastmodificationauthor="U2YF">
  </PROGRAM>
  <PROGRAM name="ZCL_HRPA_INFOTYPE_9906========CI" description="Check Class for Infotyp 9906"
 type="OTHER" creationdate="20110502" author="U2YE" lastmodificationdate="20110502" lastmodificationauthor="U2YE">
  </PROGRAM>
  <PROGRAM name="ZCL_HRPA_INFOTYPE_9906========CL" description="Check Class for Infotyp 9906"
 type="OTHER" creationdate="20110502" author="U2YE" lastmodificationdate="20110502" lastmodificationauthor="U2YE">
  </PROGRAM>
  <PROGRAM name="ZCL_HRPA_INFOTYPE_9906========CO" description="Check Class for Infotyp 9906"
 type="OTHER" creationdate="20110502" author="U2YE" lastmodificationdate="20110502" lastmodificationauthor="U2YE">
  </PROGRAM>
  <PROGRAM name="ZCL_HRPA_INFOTYPE_9906========CP" description="Check Class for Infotyp 9906"
 type="CLASSPOOL" creationdate="20110502" author="U2YE" lastmodificationdate="20110502" lastmodificationauthor="U2YE">
  </PROGRAM>
  <PROGRAM name="ZCL_HRPA_INFOTYPE_9906========CT" description="Check Class for Infotyp 9906"
 type="OTHER" creationdate="20110502" author="U2YE" lastmodificationdate="20110502" lastmodificationauthor="U2YE">
  </PROGRAM>
  <PROGRAM name="ZCL_HRPA_INFOTYPE_9906========CU" description="Check Class for Infotyp 9906"
 type="OTHER" creationdate="20110502" author="U2YE" lastmodificationdate="20110502" lastmodificationauthor="U2YE">
  </PROGRAM>
  <PROGRAM name="ZCL_HRPA_INFOTYPE_9908========CI" description="Cl. ctrl per info-type 9908"
 type="OTHER" creationdate="20111109" author="U2YF" lastmodificationdate="20111109" lastmodificationauthor="U2YF">
  </PROGRAM>
  <PROGRAM name="ZCL_HRPA_INFOTYPE_9908========CL" description="Cl. ctrl per info-type 9908"
 type="OTHER" creationdate="20111109" author="U2YF" lastmodificationdate="20111109" lastmodificationauthor="U2YF">
  </PROGRAM>
  <PROGRAM name="ZCL_HRPA_INFOTYPE_9908========CO" description="Cl. ctrl per info-type 9908"
 type="OTHER" creationdate="20111109" author="U2YF" lastmodificationdate="20111109" lastmodificationauthor="U2YF">
  </PROGRAM>
  <PROGRAM name="ZCL_HRPA_INFOTYPE_9908========CP" description="Cl. ctrl per info-type 9908"
 type="CLASSPOOL" creationdate="20111109" author="U2YF" lastmodificationdate="20111109" lastmodificationauthor="U2YF">
  </PROGRAM>
  <PROGRAM name="ZCL_HRPA_INFOTYPE_9908========CT" description="Cl. ctrl per info-type 9908"
 type="OTHER" creationdate="20111109" author="U2YF" lastmodificationdate="20111109" lastmodificationauthor="U2YF">
  </PROGRAM>
  <PROGRAM name="ZCL_HRPA_INFOTYPE_9908========CU" description="Cl. ctrl per info-type 9908"
 type="OTHER" creationdate="20111109" author="U2YF" lastmodificationdate="20111109" lastmodificationauthor="U2YF">
  </PROGRAM>
  <PROGRAM name="ZCL_HRPA_INFOTYPE_9909========CI" description="Cl. ctrl per info-type 9909"
 type="OTHER" creationdate="20120130" author="U2YF" lastmodificationdate="20120130" lastmodificationauthor="U2YF">
  </PROGRAM>
  <PROGRAM name="ZCL_HRPA_INFOTYPE_9909========CL" description="Cl. ctrl per info-type 9909"
 type="OTHER" creationdate="20120130" author="U2YF" lastmodificationdate="20120130" lastmodificationauthor="U2YF">
  </PROGRAM>
  <PROGRAM name="ZCL_HRPA_INFOTYPE_9909========CO" description="Cl. ctrl per info-type 9909"
 type="OTHER" creationdate="20120130" author="U2YF" lastmodificationdate="20120130" lastmodificationauthor="U2YF">
  </PROGRAM>
  <PROGRAM name="ZCL_HRPA_INFOTYPE_9909========CP" description="Cl. ctrl per info-type 9909"
 type="CLASSPOOL" creationdate="20120130" author="U2YF" lastmodificationdate="20120130" lastmodificationauthor="U2YF">
  </PROGRAM>
  <PROGRAM name="ZCL_HRPA_INFOTYPE_9909========CT" description="Cl. ctrl per info-type 9909"
 type="OTHER" creationdate="20120130" author="U2YF" lastmodificationdate="20120130" lastmodificationauthor="U2YF">
  </PROGRAM>
  <PROGRAM name="ZCL_HRPA_INFOTYPE_9909========CU" description="Cl. ctrl per info-type 9909"
 type="OTHER" creationdate="20120130" author="U2YF" lastmodificationdate="20120130" lastmodificationauthor="U2YF">
  </PROGRAM>
  <PROGRAM name="ZCL_HRPA_INFOTYPE_9910========CI" description="Cl. ctrl per info-type 9910"
 type="OTHER" creationdate="20120607" author="U2YF" lastmodificationdate="20120607" lastmodificationauthor="U2YF">
  </PROGRAM>
  <PROGRAM name="ZCL_HRPA_INFOTYPE_9910========CL" description="Cl. ctrl per info-type 9910"
 type="OTHER" creationdate="20120607" author="U2YF" lastmodificationdate="20120607" lastmodificationauthor="U2YF">
  </PROGRAM>
  <PROGRAM name="ZCL_HRPA_INFOTYPE_9910========CO" description="Cl. ctrl per info-type 9910"
 type="OTHER" creationdate="20120607" author="U2YF" lastmodificationdate="20120607" lastmodificationauthor="U2YF">
  </PROGRAM>
  <PROGRAM name="ZCL_HRPA_INFOTYPE_9910========CP" description="Cl. ctrl per info-type 9910"
 type="CLASSPOOL" creationdate="20120607" author="U2YF" lastmodificationdate="20120607" lastmodificationauthor="U2YF">
  </PROGRAM>
  <PROGRAM name="ZCL_HRPA_INFOTYPE_9910========CT" description="Cl. ctrl per info-type 9910"
 type="OTHER" creationdate="20120607" author="U2YF" lastmodificationdate="20120607" lastmodificationauthor="U2YF">
  </PROGRAM>
  <PROGRAM name="ZCL_HRPA_INFOTYPE_9910========CU" description="Cl. ctrl per info-type 9910"
 type="OTHER" creationdate="20120607" author="U2YF" lastmodificationdate="20120607" lastmodificationauthor="U2YF">
  </PROGRAM>
  <PROGRAM name="ZCL_IM_HCPA_DISPLAY_PA========CI" description="Classe di imp. per imp. BAdI ZHCPA_DISPLAY_PA"
 type="BADI" creationdate="20101109" author="U2YE" lastmodificationdate="20101109" lastmodificationauthor="U2YE">
  </PROGRAM>
  <PROGRAM name="ZCL_IM_HCPA_DISPLAY_PA========CL" description="Classe di imp. per imp. BAdI ZHCPA_DISPLAY_PA"
 type="BADI" creationdate="20101109" author="U2YE" lastmodificationdate="20101109" lastmodificationauthor="U2YE">
  </PROGRAM>
  <PROGRAM name="ZCL_IM_HCPA_DISPLAY_PA========CM001" description="Classe di imp. per imp. BAdI ZHCPA_DISPLAY_PA"
 type="BADI" creationdate="20101109" author="U2YF" lastmodificationdate="20170816" lastmodificationauthor="UB5Z">
  </PROGRAM>
  <PROGRAM name="ZCL_IM_HCPA_DISPLAY_PA========CM002" description="Classe di imp. per imp. BAdI ZHCPA_DISPLAY_PA"
 type="BADI" creationdate="20101109" author="U2YE" lastmodificationdate="20110623" lastmodificationauthor="U2YF">
  </PROGRAM>
  <PROGRAM name="ZCL_IM_HCPA_DISPLAY_PA========CM003" description="Classe di imp. per imp. BAdI ZHCPA_DISPLAY_PA"
 type="BADI" creationdate="20101109" author="U2YE" lastmodificationdate="20110623" lastmodificationauthor="U2YF">
  </PROGRAM>
  <PROGRAM name="ZCL_IM_HCPA_DISPLAY_PA========CO" description="Classe di imp. per imp. BAdI ZHCPA_DISPLAY_PA"
 type="BADI" creationdate="20101109" author="U2YE" lastmodificationdate="20101109" lastmodificationauthor="U2YE">
  </PROGRAM>
  <PROGRAM name="ZCL_IM_HCPA_DISPLAY_PA========CP" description="Classe di imp. per imp. BAdI ZHCPA_DISPLAY_PA"
 type="BADI" creationdate="20101109" author="U2YE" lastmodificationdate="20101109" lastmodificationauthor="U2YE">
  </PROGRAM>
  <PROGRAM name="ZCL_IM_HCPA_DISPLAY_PA========CT" description="Classe di imp. per imp. BAdI ZHCPA_DISPLAY_PA"
 type="BADI" creationdate="20101109" author="U2YE" lastmodificationdate="20101109" lastmodificationauthor="U2YE">
  </PROGRAM>
  <PROGRAM name="ZCL_IM_HCPA_DISPLAY_PA========CU" description="Classe di imp. per imp. BAdI ZHCPA_DISPLAY_PA"
 type="BADI" creationdate="20101109" author="U2YE" lastmodificationdate="20101109" lastmodificationauthor="U2YE">
  </PROGRAM>
  <PROGRAM name="ZCL_IM__HRBAS00_GET_PROFL=====CI" description="Classe di imp. per imp. BAdI Z_HRBAS00_GET_PROFL"
 type="BADI" creationdate="20101110" author="U2YE" lastmodificationdate="20101110" lastmodificationauthor="U2YE">
  </PROGRAM>
  <PROGRAM name="ZCL_IM__HRBAS00_GET_PROFL=====CL" description="Classe di imp. per imp. BAdI Z_HRBAS00_GET_PROFL"
 type="BADI" creationdate="20101110" author="U2YE" lastmodificationdate="20101110" lastmodificationauthor="U2YE">
  </PROGRAM>
  <PROGRAM name="ZCL_IM__HRBAS00_GET_PROFL=====CM001" description="Classe di imp. per imp. BAdI Z_HRBAS00_GET_PROFL"
 type="BADI" creationdate="20101110" author="U2YE" lastmodificationdate="20101110" lastmodificationauthor="U2YE">
  </PROGRAM>
  <PROGRAM name="ZCL_IM__HRBAS00_GET_PROFL=====CO" description="Classe di imp. per imp. BAdI Z_HRBAS00_GET_PROFL"
 type="BADI" creationdate="20101110" author="U2YE" lastmodificationdate="20101110" lastmodificationauthor="U2YE">
  </PROGRAM>
  <PROGRAM name="ZCL_IM__HRBAS00_GET_PROFL=====CP" description="Classe di imp. per imp. BAdI Z_HRBAS00_GET_PROFL"
 type="BADI" creationdate="20101110" author="U2YE" lastmodificationdate="20101110" lastmodificationauthor="U2YE">
  </PROGRAM>
  <PROGRAM name="ZCL_IM__HRBAS00_GET_PROFL=====CT" description="Classe di imp. per imp. BAdI Z_HRBAS00_GET_PROFL"
 type="BADI" creationdate="20101110" author="U2YE" lastmodificationdate="20101110" lastmodificationauthor="U2YE">
  </PROGRAM>
  <PROGRAM name="ZCL_IM__HRBAS00_GET_PROFL=====CU" description="Classe di imp. per imp. BAdI Z_HRBAS00_GET_PROFL"
 type="BADI" creationdate="20101110" author="U2YE" lastmodificationdate="20101110" lastmodificationauthor="U2YE">
  </PROGRAM>
  <PROGRAM name="ZCL_IM__HROMUN_0001===========CI" description="Classe di imp. per imp. BAdI Z_HROMUN_0001"
 type="BADI" creationdate="20110309" author="U2YE" lastmodificationdate="20110309" lastmodificationauthor="U2YE">
  </PROGRAM>
  <PROGRAM name="ZCL_IM__HROMUN_0001===========CL" description="Classe di imp. per imp. BAdI Z_HROMUN_0001"
 type="BADI" creationdate="20110309" author="U2YE" lastmodificationdate="20110309" lastmodificationauthor="U2YE">
  </PROGRAM>
  <PROGRAM name="ZCL_IM__HROMUN_0001===========CM001" description="Classe di imp. per imp. BAdI Z_HROMUN_0001"
 type="BADI" creationdate="20110309" author="U2YE" lastmodificationdate="20180201" lastmodificationauthor="UB5Z">
  </PROGRAM>
  <PROGRAM name="ZCL_IM__HROMUN_0001===========CM002" description="Classe di imp. per imp. BAdI Z_HROMUN_0001"
 type="BADI" creationdate="20110309" author="U2YE" lastmodificationdate="20170127" lastmodificationauthor="UAJB">
  </PROGRAM>
  <PROGRAM name="ZCL_IM__HROMUN_0001===========CM003" description="Classe di imp. per imp. BAdI Z_HROMUN_0001"
 type="BADI" creationdate="20110309" author="U2YE" lastmodificationdate="20161213" lastmodificationauthor="UAJB">
  </PROGRAM>
  <PROGRAM name="ZCL_IM__HROMUN_0001===========CM004" description="Classe di imp. per imp. BAdI Z_HROMUN_0001"
 type="BADI" creationdate="20110309" author="U2YF" lastmodificationdate="20180117" lastmodificationauthor="UB5Z">
  </PROGRAM>
  <PROGRAM name="ZCL_IM__HROMUN_0001===========CO" description="Classe di imp. per imp. BAdI Z_HROMUN_0001"
 type="BADI" creationdate="20110309" author="U2YE" lastmodificationdate="20110309" lastmodificationauthor="U2YE">
  </PROGRAM>
  <PROGRAM name="ZCL_IM__HROMUN_0001===========CP" description="Classe di imp. per imp. BAdI Z_HROMUN_0001"
 type="BADI" creationdate="20110309" author="U2YE" lastmodificationdate="20110309" lastmodificationauthor="U2YE">
  </PROGRAM>
  <PROGRAM name="ZCL_IM__HROMUN_0001===========CT" description="Classe di imp. per imp. BAdI Z_HROMUN_0001"
 type="BADI" creationdate="20110309" author="U2YE" lastmodificationdate="20110309" lastmodificationauthor="U2YE">
  </PROGRAM>
  <PROGRAM name="ZCL_IM__HROMUN_0001===========CU" description="Classe di imp. per imp. BAdI Z_HROMUN_0001"
 type="BADI" creationdate="20110309" author="U2YE" lastmodificationdate="20110309" lastmodificationauthor="U2YE">
  </PROGRAM>
  <PROGRAM name="ZCL_IM_HR_RESTRICT_PPOME======CI" description="Imp. class for BAdI imp. ZHR_RESTRICT_PPOME"
 type="BADI" creationdate="20170109" author="UAJD" lastmodificationdate="20170109" lastmodificationauthor="UAJD">
  </PROGRAM>
  <PROGRAM name="ZCL_IM_HR_RESTRICT_PPOME======CL" description="Imp. class for BAdI imp. ZHR_RESTRICT_PPOME"
 type="BADI" creationdate="20170109" author="UAJD" lastmodificationdate="20170109" lastmodificationauthor="UAJD">
  </PROGRAM>
  <PROGRAM name="ZCL_IM_HR_RESTRICT_PPOME======CM001" description="Imp. class for BAdI imp. ZHR_RESTRICT_PPOME"
 type="BADI" creationdate="20170109" author="UAJD" lastmodificationdate="20170109" lastmodificationauthor="UAJD">
  </PROGRAM>
  <PROGRAM name="ZCL_IM_HR_RESTRICT_PPOME======CO" description="Imp. class for BAdI imp. ZHR_RESTRICT_PPOME"
 type="BADI" creationdate="20170109" author="UAJD" lastmodificationdate="20170109" lastmodificationauthor="UAJD">
  </PROGRAM>
  <PROGRAM name="ZCL_IM_HR_RESTRICT_PPOME======CP" description="Imp. class for BAdI imp. ZHR_RESTRICT_PPOME"
 type="BADI" creationdate="20170109" author="UAJD" lastmodificationdate="20170109" lastmodificationauthor="UAJD">
  </PROGRAM>
  <PROGRAM name="ZCL_IM_HR_RESTRICT_PPOME======CT" description="Imp. class for BAdI imp. ZHR_RESTRICT_PPOME"
 type="BADI" creationdate="20170109" author="UAJD" lastmodificationdate="20170109" lastmodificationauthor="UAJD">
  </PROGRAM>
  <PROGRAM name="ZCL_IM_HR_RESTRICT_PPOME======CU" description="Imp. class for BAdI imp. ZHR_RESTRICT_PPOME"
 type="BADI" creationdate="20170109" author="UAJD" lastmodificationdate="20170109" lastmodificationauthor="UAJD">
  </PROGRAM>
  <PROGRAM name="LZALSMEXF01"
 type="INCLUDE" creationdate="20110502" author="U2YE" lastmodificationdate="20110502" lastmodificationauthor="U2YE">
  </PROGRAM>
  <PROGRAM name="LZALSMEXTOP" description="FI-AA Legacy Data Transfer w/ Excel"
 type="INCLUDE" creationdate="20110502" author="U2YE" lastmodificationdate="20110502" lastmodificationauthor="U2YE">
  </PROGRAM>
  <PROGRAM name="LZALSMEXU01" description="Datenübernahme aus Excel mit OLE - Konvertierung ins interne Format"
 type="INCLUDE" creationdate="20110502" author="U2YE" lastmodificationdate="20110502" lastmodificationauthor="U2YE">
  </PROGRAM>
  <PROGRAM name="LZALSMEXUXX" status="SYSTEM"
 type="INCLUDE" creationdate="20110502" author="SAP*" lastmodificationdate="20110502" lastmodificationauthor="SAP*">
  </PROGRAM>
  <PROGRAM name="SAPLZALSMEX"
 type="FUNCTIONPOOL" creationdate="20110502" author="U2YE" lastmodificationdate="20110502" lastmodificationauthor="U2YE">
  </PROGRAM>
  <PROGRAM name="LZHCBIF01"
 type="INCLUDE" creationdate="20130416" author="U3GV" lastmodificationdate="20130517" lastmodificationauthor="U3GV">
  </PROGRAM>
  <PROGRAM name="LZHCBITOP" description="BI Function group"
 type="INCLUDE" creationdate="20130321" author="U3GV" lastmodificationdate="20130516" lastmodificationauthor="U3GV">
  </PROGRAM>
  <PROGRAM name="LZHCBIU01" description="HR Übergabe einer Hierarchie im BW-Format"
 type="INCLUDE" creationdate="20130321" author="U3GV" lastmodificationdate="20130321" lastmodificationauthor="U3GV">
  </PROGRAM>
  <PROGRAM name="LZHCBIU02" description="Catalogo gerarchie per Unità organizzativa"
 type="INCLUDE" creationdate="20130321" author="U3GV" lastmodificationdate="20130419" lastmodificationauthor="U3GV">
  </PROGRAM>
  <PROGRAM name="LZHCBIUXX" status="SYSTEM"
 type="INCLUDE" creationdate="20130321" author="SAP*" lastmodificationdate="20130321" lastmodificationauthor="SAP*">
  </PROGRAM>
  <PROGRAM name="SAPLZHCBI"
 type="FUNCTIONPOOL" creationdate="20130321" author="U3GV" lastmodificationdate="20130419" lastmodificationauthor="U3GV">
  </PROGRAM>
  <PROGRAM name="LZHCFG_GEST_MAILTOP" description="Gruppo Funzioni Mail"
 type="INCLUDE" creationdate="20100805" author="U2YF" lastmodificationdate="20100805" lastmodificationauthor="U2YF">
  </PROGRAM>
  <PROGRAM name="LZHCFG_GEST_MAILU01" description="Gruppo Funzioni Mail"
 type="INCLUDE" creationdate="20100805" author="U2YF" lastmodificationdate="20100805" lastmodificationauthor="U2YF">
  </PROGRAM>
  <PROGRAM name="LZHCFG_GEST_MAILUXX" status="SYSTEM"
 type="INCLUDE" creationdate="20100805" author="SAP*" lastmodificationdate="20100805" lastmodificationauthor="SAP*">
  </PROGRAM>
  <PROGRAM name="SAPLZHCFG_GEST_MAIL"
 type="FUNCTIONPOOL" creationdate="20100805" author="U2YF" lastmodificationdate="20100805" lastmodificationauthor="U2YF">
  </PROGRAM>
  <PROGRAM name="LZHC_COMP_HELP_EXIT_GRADETOP" description="GF Help Exit Comp. new grade"
 type="INCLUDE" creationdate="20110502" author="U2YE" lastmodificationdate="20110502" lastmodificationauthor="U2YE">
  </PROGRAM>
  <PROGRAM name="LZHC_COMP_HELP_EXIT_GRADEU01" description="GF Help Exit Comp. new grade"
 type="INCLUDE" creationdate="20110502" author="U2YE" lastmodificationdate="20110502" lastmodificationauthor="U2YE">
  </PROGRAM>
  <PROGRAM name="LZHC_COMP_HELP_EXIT_GRADEUXX" status="SYSTEM"
 type="INCLUDE" creationdate="20110502" author="SAP*" lastmodificationdate="20110502" lastmodificationauthor="SAP*">
  </PROGRAM>
  <PROGRAM name="SAPLZHC_COMP_HELP_EXIT_GRADE"
 type="FUNCTIONPOOL" creationdate="20110502" author="U2YE" lastmodificationdate="20110502" lastmodificationauthor="U2YE">
  </PROGRAM>
  <PROGRAM name="SAPLZTBHCPALEVEL"
 type="FUNCTIONPOOL" creationdate="20091030" author="U61T" lastmodificationdate="20091030" lastmodificationauthor="U61T">
  </PROGRAM>
  <PROGRAM name="SAPLZTBHCPAQUAL"
 type="FUNCTIONPOOL" creationdate="20091030" author="U61T" lastmodificationdate="20091030" lastmodificationauthor="U61T">
  </PROGRAM>
  <PROGRAM name="LZOVERHEADF02"
 type="INCLUDE" creationdate="20170203" author="UAJD" lastmodificationdate="20170307" lastmodificationauthor="UAJD">
  </PROGRAM>
  <PROGRAM name="LZOVERHEADTOP" description="overhead checks"
 type="INCLUDE" creationdate="20170203" author="UAJD" lastmodificationdate="20170217" lastmodificationauthor="UAJD">
  </PROGRAM>
  <PROGRAM name="LZOVERHEADU01" description="overhead checks"
 type="INCLUDE" creationdate="20170203" author="UAJD" lastmodificationdate="20170307" lastmodificationauthor="UAJD">
  </PROGRAM>
  <PROGRAM name="LZOVERHEADUXX" status="SYSTEM"
 type="INCLUDE" creationdate="20170203" author="SAP*" lastmodificationdate="20170203" lastmodificationauthor="SAP*">
  </PROGRAM>
  <PROGRAM name="SAPLZOVERHEAD"
 type="FUNCTIONPOOL" creationdate="20170203" author="UAJD" lastmodificationdate="20170203" lastmodificationauthor="UAJD">
  </PROGRAM>
  <PROGRAM name="SAPLZHR_AMS_USERS"
 type="FUNCTIONPOOL" creationdate="20170228" author="U5GX" lastmodificationdate="20170228" lastmodificationauthor="U5GX">
  </PROGRAM>
  <PROGRAM name="SAPLZHC_EXCP_ORGP"
 type="FUNCTIONPOOL" creationdate="20180123" author="UP73" lastmodificationdate="20180123" lastmodificationauthor="UP73">
  </PROGRAM>
  <PROGRAM name="ZHCPA_GEST_9001_DATA_OLD" description="Include ZHCPA_GEST_9001_DATA"
 type="INCLUDE" creationdate="20171121" author="UB5Z" lastmodificationdate="20171121" lastmodificationauthor="UB5Z">
  </PROGRAM>
  <PROGRAM name="ZHCPA_GEST_9001_FORMS_OLD" description="Include ZHCPA_GEST_9001_FORMS"
 type="INCLUDE" creationdate="20171121" author="UB5Z" lastmodificationdate="20171121" lastmodificationauthor="UB5Z">
  </PROGRAM>
  <PROGRAM name="ZHCPA_GEST_9001_SEL_SCREEN_OLD" description="Include ZHCPA_GEST_9001_SEL_SCREEN"
 type="INCLUDE" creationdate="20171121" author="UB5Z" lastmodificationdate="20171121" lastmodificationauthor="UB5Z">
  </PROGRAM>
  <PROGRAM name="ZHCPA_GEST_9001_OLD" description="Report Check IT9001"
 type="PROGRAM" creationdate="20171121" author="UB5Z" lastmodificationdate="20171121" lastmodificationauthor="UB5Z">
  </PROGRAM>
  <PROGRAM name="ZHCOM_UPD_BP" status="CUSTOM" description="Update Business Partner"
 type="PROGRAM" creationdate="20161213" author="UAJD" lastmodificationdate="20161213" lastmodificationauthor="UAJD">
  </PROGRAM>
  <PROGRAM name="ZHCOM_UPD_BP_GET_DATA_FORM" status="CUSTOM" description="Include ZHCOM_UPD_BP_GET_DATA_FORM"
 type="INCLUDE" creationdate="20161213" author="UAJD" lastmodificationdate="20161219" lastmodificationauthor="UAJD">
  </PROGRAM>
  <PROGRAM name="MP980000" status="STANDARD"
 type="MODULEPOOL" creationdate="20091030" author="SAP" lastmodificationdate="20091030" lastmodificationauthor="SAP">
  </PROGRAM>
  <PROGRAM name="MP980010" status="STANDARD"
 type="INCLUDE" creationdate="20091030" author="U2YF" lastmodificationdate="20091030" lastmodificationauthor="U2YF">
  </PROGRAM>
  <PROGRAM name="MP980020" status="STANDARD"
 type="INCLUDE" creationdate="20091030" author="U2YF" lastmodificationdate="20091030" lastmodificationauthor="U2YF">
  </PROGRAM>
  <PROGRAM name="MP980030" status="STANDARD"
 type="INCLUDE" creationdate="20091030" author="U2YF" lastmodificationdate="20091030" lastmodificationauthor="U2YF">
  </PROGRAM>
  <PROGRAM name="MP980040" status="STANDARD"
 type="INCLUDE" creationdate="20091030" author="SAP" lastmodificationdate="20091030" lastmodificationauthor="SAP">
  </PROGRAM>
  <PROGRAM name="MP980050" status="STANDARD"
 type="INCLUDE" creationdate="20091030" author="SAP" lastmodificationdate="20091030" lastmodificationauthor="SAP">
  </PROGRAM>
  <PROGRAM name="MP990000" status="STANDARD" description="HR-PLAN info-type 9900"
 type="MODULEPOOL" creationdate="20091030" author="U2YF" lastmodificationdate="20111118" lastmodificationauthor="U2YF">
  </PROGRAM>
  <PROGRAM name="MP990020" status="STANDARD" description="HR-PLAN info-type 9900 Moduli speciali PAI/PBO"
 type="INCLUDE" creationdate="20091030" author="U2YF" lastmodificationdate="20180118" lastmodificationauthor="U5WA">
  </PROGRAM>
  <PROGRAM name="MP9900BI" status="STANDARD"
 type="PROGRAM" creationdate="20091030" author="U2YF" lastmodificationdate="20091030" lastmodificationauthor="U2YF">
  </PROGRAM>
  <PROGRAM name="MP990100" status="STANDARD" description="HR-PLAN info-type 9901"
 type="MODULEPOOL" creationdate="20091030" author="U2YF" lastmodificationdate="20170301" lastmodificationauthor="UB1K">
  </PROGRAM>
  <PROGRAM name="MP990120" status="STANDARD" description="HR-PLAN info-type 9901 Moduli speciali PAI/PBO"
 type="INCLUDE" creationdate="20091030" author="U2YF" lastmodificationdate="20170301" lastmodificationauthor="UB1K">
  </PROGRAM>
  <PROGRAM name="MP9901BI" status="STANDARD"
 type="PROGRAM" creationdate="20091030" author="U2YF" lastmodificationdate="20091030" lastmodificationauthor="U2YF">
  </PROGRAM>
  <PROGRAM name="MP990500" status="STANDARD"
 type="MODULEPOOL" creationdate="20110314" author="U2YE" lastmodificationdate="20141222" lastmodificationauthor="U8ZP">
  </PROGRAM>
  <PROGRAM name="MP990510" status="STANDARD"
 type="INCLUDE" creationdate="20110314" author="U2YE" lastmodificationdate="20140825" lastmodificationauthor="U2YF">
  </PROGRAM>
  <PROGRAM name="MP990520" status="STANDARD"
 type="INCLUDE" creationdate="20110314" author="SAP" lastmodificationdate="20110314" lastmodificationauthor="SAP">
  </PROGRAM>
  <PROGRAM name="MP990530" status="STANDARD"
 type="INCLUDE" creationdate="20110314" author="SAP" lastmodificationdate="20110314" lastmodificationauthor="SAP">
  </PROGRAM>
  <PROGRAM name="MP990540" status="STANDARD"
 type="INCLUDE" creationdate="20110314" author="SAP" lastmodificationdate="20110314" lastmodificationauthor="SAP">
  </PROGRAM>
  <PROGRAM name="MP990550" status="STANDARD"
 type="INCLUDE" creationdate="20110314" author="SAP" lastmodificationdate="20110314" lastmodificationauthor="SAP">
  </PROGRAM>
  <PROGRAM name="MP990600" status="STANDARD"
 type="MODULEPOOL" creationdate="20110502" author="SAP" lastmodificationdate="20110502" lastmodificationauthor="SAP">
  </PROGRAM>
  <PROGRAM name="MP990610" status="STANDARD"
 type="INCLUDE" creationdate="20110502" author="U2YE" lastmodificationdate="20110502" lastmodificationauthor="U2YE">
  </PROGRAM>
  <PROGRAM name="MP990620" status="STANDARD"
 type="INCLUDE" creationdate="20110502" author="U2YE" lastmodificationdate="20110502" lastmodificationauthor="U2YE">
  </PROGRAM>
  <PROGRAM name="MP990630" status="STANDARD"
 type="INCLUDE" creationdate="20110502" author="SAP" lastmodificationdate="20110502" lastmodificationauthor="SAP">
  </PROGRAM>
  <PROGRAM name="MP990640" status="STANDARD"
 type="INCLUDE" creationdate="20110502" author="SAP" lastmodificationdate="20110502" lastmodificationauthor="SAP">
  </PROGRAM>
  <PROGRAM name="MP990650" status="STANDARD"
 type="INCLUDE" creationdate="20110502" author="SAP" lastmodificationdate="20110502" lastmodificationauthor="SAP">
  </PROGRAM>
  <PROGRAM name="MP990700" status="STANDARD" description="HR-PLAN info-type 9907"
 type="MODULEPOOL" creationdate="20110720" author="U2YF" lastmodificationdate="20110720" lastmodificationauthor="U2YF">
  </PROGRAM>
  <PROGRAM name="MP990720" status="STANDARD" description="HR-PLAN info-type 9907 Moduli speciali PAI/PBO"
 type="INCLUDE" creationdate="20110720" author="U2YF" lastmodificationdate="20110720" lastmodificationauthor="U2YF">
  </PROGRAM>
  <PROGRAM name="MP9907BI" status="STANDARD"
 type="PROGRAM" creationdate="20110720" author="U2YF" lastmodificationdate="20110720" lastmodificationauthor="U2YF">
  </PROGRAM>
  <PROGRAM name="MP990800" status="STANDARD"
 type="MODULEPOOL" creationdate="20111109" author="U2YF" lastmodificationdate="20150127" lastmodificationauthor="U8PW">
  </PROGRAM>
  <PROGRAM name="MP990810" status="STANDARD"
 type="INCLUDE" creationdate="20111109" author="SAP" lastmodificationdate="20150211" lastmodificationauthor="U8PW">
  </PROGRAM>
  <PROGRAM name="MP990820" status="STANDARD"
 type="INCLUDE" creationdate="20111109" author="U2YF" lastmodificationdate="20160126" lastmodificationauthor="U2YF">
  </PROGRAM>
  <PROGRAM name="MP990830" status="STANDARD"
 type="INCLUDE" creationdate="20111109" author="SAP" lastmodificationdate="20150127" lastmodificationauthor="SAP">
  </PROGRAM>
  <PROGRAM name="MP990840" status="STANDARD"
 type="INCLUDE" creationdate="20111109" author="SAP" lastmodificationdate="20150127" lastmodificationauthor="SAP">
  </PROGRAM>
  <PROGRAM name="MP990850" status="STANDARD"
 type="INCLUDE" creationdate="20111109" author="SAP" lastmodificationdate="20150127" lastmodificationauthor="SAP">
  </PROGRAM>
  <PROGRAM name="MP990900" status="STANDARD"
 type="MODULEPOOL" creationdate="20120130" author="SAP" lastmodificationdate="20120130" lastmodificationauthor="SAP">
  </PROGRAM>
  <PROGRAM name="MP990910" status="STANDARD"
 type="INCLUDE" creationdate="20120130" author="SAP" lastmodificationdate="20120130" lastmodificationauthor="SAP">
  </PROGRAM>
  <PROGRAM name="MP990920" status="STANDARD"
 type="INCLUDE" creationdate="20120130" author="SAP" lastmodificationdate="20120130" lastmodificationauthor="SAP">
  </PROGRAM>
  <PROGRAM name="MP990930" status="STANDARD"
 type="INCLUDE" creationdate="20120130" author="SAP" lastmodificationdate="20120130" lastmodificationauthor="SAP">
  </PROGRAM>
  <PROGRAM name="MP990940" status="STANDARD"
 type="INCLUDE" creationdate="20120130" author="SAP" lastmodificationdate="20120130" lastmodificationauthor="SAP">
  </PROGRAM>
  <PROGRAM name="MP990950" status="STANDARD"
 type="INCLUDE" creationdate="20120130" author="SAP" lastmodificationdate="20120130" lastmodificationauthor="SAP">
  </PROGRAM>
  <PROGRAM name="MP991000" status="STANDARD"
 type="MODULEPOOL" creationdate="20120607" author="SAP" lastmodificationdate="20120607" lastmodificationauthor="SAP">
  </PROGRAM>
  <PROGRAM name="MP991010" status="STANDARD"
 type="INCLUDE" creationdate="20120607" author="SAP" lastmodificationdate="20120607" lastmodificationauthor="SAP">
  </PROGRAM>
  <PROGRAM name="MP991020" status="STANDARD"
 type="INCLUDE" creationdate="20120607" author="SAP" lastmodificationdate="20121023" lastmodificationauthor="U2YF">
  </PROGRAM>
  <PROGRAM name="MP991030" status="STANDARD"
 type="INCLUDE" creationdate="20120607" author="SAP" lastmodificationdate="20120607" lastmodificationauthor="SAP">
  </PROGRAM>
  <PROGRAM name="MP991040" status="STANDARD"
 type="INCLUDE" creationdate="20120607" author="SAP" lastmodificationdate="20120607" lastmodificationauthor="SAP">
  </PROGRAM>
  <PROGRAM name="MP991050" status="STANDARD"
 type="INCLUDE" creationdate="20120607" author="SAP" lastmodificationdate="20120607" lastmodificationauthor="SAP">
  </PROGRAM>
  <PROGRAM name="ZHCOM_ALIGN_OBJECT" status="STANDARD" description="Aligning objects OM"
 type="PROGRAM" creationdate="20120514" author="U2YF" lastmodificationdate="20120514" lastmodificationauthor="U2YF">
  </PROGRAM>
  <PROGRAM name="ZBW_CREATE_ORG_HIER_EXTRACTOR" status="CUSTOM" description="Datasource hierarchy for Functional Reporting"
 type="PROGRAM" creationdate="20130321" author="U3GV" lastmodificationdate="20130419" lastmodificationauthor="U3GV">
  </PROGRAM>
  <PROGRAM name="ZBW_DELETE_UTILITY" status="CUSTOM" description="Utility di clean"
 type="PROGRAM" creationdate="20130321" author="U3GV" lastmodificationdate="20130321" lastmodificationauthor="U3GV">
  </PROGRAM>
  <PROGRAM name="ZCABCI_GET_FILE_NAME" status="CUSTOM" description="To change"
 type="INCLUDE" creationdate="20091030" author="U13X" lastmodificationdate="20091030" lastmodificationauthor="U13X">
  </PROGRAM>
  <PROGRAM name="ZHCOMB_ALLINEAMENTO_OVERHEAD" description="Programma allienamento Overheader UO/Posizioni"
 type="PROGRAM" creationdate="20110518" author="U2YF" lastmodificationdate="20110518" lastmodificationauthor="U2YF">
  </PROGRAM>
  <PROGRAM name="ZHCOMB_RAT9BOXTALE" description="Load Rating/Talent/9BOX"
 type="PROGRAM" creationdate="20150313" author="U2YF" lastmodificationdate="20150521" lastmodificationauthor="U2YF">
  </PROGRAM>
  <PROGRAM name="ZHCOMB_RAT9BOXTALE_DATA" description="Include ZHCOMB_SCHEMA_DATA"
 type="INCLUDE" creationdate="20150313" author="U2YF" lastmodificationdate="20150521" lastmodificationauthor="U2YF">
  </PROGRAM>
  <PROGRAM name="ZHCOMB_RAT9BOXTALE_FORMS" description="Include ZHCOMB_SCHEMA_FORMS"
 type="INCLUDE" creationdate="20150313" author="U2YF" lastmodificationdate="20150521" lastmodificationauthor="U2YF">
  </PROGRAM>
  <PROGRAM name="ZHCOMB_RAT9BOXTALE_SEL_SCREEN" description="Include ZHCOMB_SCHEMA_SEL_SCREEN"
 type="INCLUDE" creationdate="20150313" author="U2YF" lastmodificationdate="20150521" lastmodificationauthor="U2YF">
  </PROGRAM>
  <PROGRAM name="ZHCOMB_SCHEMA" description="Load Table Schema"
 type="PROGRAM" creationdate="20131205" author="U2YE" lastmodificationdate="20131205" lastmodificationauthor="U2YE">
  </PROGRAM>
  <PROGRAM name="ZHCOMB_SCHEMA_DATA" description="Include ZHCOMB_SCHEMA_DATA"
 type="INCLUDE" creationdate="20131205" author="U2YE" lastmodificationdate="20131205" lastmodificationauthor="U2YE">
  </PROGRAM>
  <PROGRAM name="ZHCOMB_SCHEMA_FORMS" description="Include ZHCOMB_SCHEMA_FORMS"
 type="INCLUDE" creationdate="20131205" author="U2YE" lastmodificationdate="20131205" lastmodificationauthor="U2YE">
  </PROGRAM>
  <PROGRAM name="ZHCOMB_SCHEMA_SEL_SCREEN" description="Include ZHCOMB_SCHEMA_SEL_SCREEN"
 type="INCLUDE" creationdate="20131205" author="U2YE" lastmodificationdate="20131205" lastmodificationauthor="U2YE">
  </PROGRAM>
  <PROGRAM name="ZHCOME_VACANCY" status="CUSTOM" description="Report Gestione Vacancy OM"
 type="PROGRAM" creationdate="20110720" author="U2YF" lastmodificationdate="20110729" lastmodificationauthor="U2YF">
  </PROGRAM>
  <PROGRAM name="ZHCOMU_DELE_OBJECTS" description="Delete Objects OM"
 type="PROGRAM" creationdate="20091030" author="U2YE" lastmodificationdate="20091030" lastmodificationauthor="U2YE">
  </PROGRAM>
  <PROGRAM name="ZHCOMU_UEORGPUB" description="User Exit for OrgPublisher Connector"
 type="PROGRAM" creationdate="20100317" author="U2YE" lastmodificationdate="20180124" lastmodificationauthor="U3EA">
  </PROGRAM>
  <PROGRAM name="ZHCPAB_CHANGE_LEV_QUAL" status="CUSTOM" description="Cambio Livello/Gruppo/Qualifica Dipendente"
 type="PROGRAM" creationdate="20100728" author="U2YF" lastmodificationdate="20100728" lastmodificationauthor="U2YF">
  </PROGRAM>
  <PROGRAM name="ZHCPAB_CHANGE_STI_9002" status="CUSTOM" description="Change Amount STI"
 type="PROGRAM" creationdate="20101028" author="U2YF" lastmodificationdate="20120918" lastmodificationauthor="U2YF">
  </PROGRAM>
  <PROGRAM name="ZHCPAB_IT15_IT9001" description="Loading Infotype 9001 from Infotype 15 data"
 type="PROGRAM" creationdate="20131122" author="U2YE" lastmodificationdate="20160923" lastmodificationauthor="UAJD">
  </PROGRAM>
  <PROGRAM name="ZHCPAB_IT15_IT9001_DATA" description="Include ZHCPAB_IT15_IT9001_DATA"
 type="INCLUDE" creationdate="20131122" author="U2YE" lastmodificationdate="20170421" lastmodificationauthor="UB1K">
  </PROGRAM>
  <PROGRAM name="ZHCPAB_IT15_IT9001_FORMS" description="Include ZHCPAB_IT15_IT9001_FORMS"
 type="INCLUDE" creationdate="20131122" author="U2YE" lastmodificationdate="20170913" lastmodificationauthor="UB1K">
  </PROGRAM>
  <PROGRAM name="ZHCPAB_IT15_IT9001_SEL_SCREEN" description="Include ZHCPAB_IT15_IT9001_SEL_SCREEN"
 type="INCLUDE" creationdate="20131122" author="U2YE" lastmodificationdate="20131205" lastmodificationauthor="U2YE">
  </PROGRAM>
  <PROGRAM name="ZHCPAB_SALARYPLAN_IN" description="Report SALARY PLAN Inbound"
 type="PROGRAM" creationdate="20110502" author="U2YE" lastmodificationdate="20170228" lastmodificationauthor="UAJD">
  </PROGRAM>
  <PROGRAM name="ZHCPAB_SALARYPLAN_OUT" status="STANDARD" description="Report SALARY PLAN Outbound"
 type="PROGRAM" creationdate="20110502" author="U2YE" lastmodificationdate="20170216" lastmodificationauthor="UB1K">
  </PROGRAM>
  <PROGRAM name="ZHCPAB_SWITCH_RANGE_NUM" status="CUSTOM" description="Change Numbering Range C.I.D. (Intern./Extern) or (Extern./Intern.)"
 type="PROGRAM" creationdate="20100429" author="U2YF" lastmodificationdate="20100517" lastmodificationauthor="U2YF">
  </PROGRAM>
  <PROGRAM name="ZHCPAE_BAGLRI001_V2" status="STANDARD" description="Interface SAP --&gt; Success Factor"
 type="PROGRAM" creationdate="20150320" author="U2YF" lastmodificationdate="20171115" lastmodificationauthor="U5WA">
  </PROGRAM>
  <PROGRAM name="ZHCPAE_CID_ACCESSO_USER" status="CUSTOM" description="Communication: New Hiring and Termination in the month"
 type="PROGRAM" creationdate="20100802" author="U2YF" lastmodificationdate="20130131" lastmodificationauthor="U2YF">
  </PROGRAM>
  <PROGRAM name="ZHCPAE_INTEGRATION_IT" status="CUSTOM" description="Master Data extraction for IT System Integration"
 type="PROGRAM" creationdate="20110309" author="U2YF" lastmodificationdate="20110314" lastmodificationauthor="U2YF">
  </PROGRAM>
  <PROGRAM name="ZHCPAE_POSTO_OPERATORE" status="CUSTOM" description="Posto Operatore Interface"
 type="PROGRAM" creationdate="20120612" author="U2YF" lastmodificationdate="20140429" lastmodificationauthor="U2YF">
  </PROGRAM>
  <PROGRAM name="ZHCPAE_READ_LOG_SUCC_FACTORY" status="CUSTOM" description="Read Log File interface SAP to Success Factory"
 type="PROGRAM" creationdate="20100716" author="U2YF" lastmodificationdate="20130104" lastmodificationauthor="U2YF">
  </PROGRAM>
  <PROGRAM name="ZHCPAE_SAP_PROFILE_SUCC" status="CUSTOM" description="Extracting SAP profiles to Success Factor"
 type="PROGRAM" creationdate="20110308" author="U2YF" lastmodificationdate="20140513" lastmodificationauthor="U2YF">
  </PROGRAM>
  <PROGRAM name="ZHCPAE_SAP_TO_ELFO" description="Interface outbound from SAP to e-learning ELFO"
 selectionscreen="000" type="PROGRAM" creationdate="20100525" author="U2YE" lastmodificationdate="20120713" lastmodificationauthor="U2YF">
  </PROGRAM>
  <PROGRAM name="ZHCPAE_SAP_TO_FAST" status="CUSTOM" description="Interface SAP to Fast"
 type="PROGRAM" creationdate="20110309" author="U2YF" lastmodificationdate="20120210" lastmodificationauthor="U2YF">
  </PROGRAM>
  <PROGRAM name="ZHCPAE_SAP_TO_SERVICES_DESK" status="CUSTOM" description="Interface Sap --&gt; Service Desk"
 type="PROGRAM" creationdate="20101126" author="U2YF" lastmodificationdate="20140404" lastmodificationauthor="U2YF">
  </PROGRAM>
  <PROGRAM name="ZHCPAE_VOCE_RETR_9002" status="CUSTOM" description="Extraction Compensation Item 9002"
 type="PROGRAM" creationdate="20100802" author="U2YF" lastmodificationdate="20110308" lastmodificationauthor="U2YF">
  </PROGRAM>
  <PROGRAM name="ZHCPAI_POSTO_OPERATORE" status="CUSTOM" description="Cruscotto Posto Operatore"
 type="MODULEPOOL" creationdate="20120607" author="U2YF" lastmodificationdate="20120618" lastmodificationauthor="U2YF">
  </PROGRAM>
  <PROGRAM name="ZHCPAI_POSTO_OPERATORE_INB" status="CUSTOM" description="Interface Inbound Posto Operatore"
 type="PROGRAM" creationdate="20121023" author="U2YF" lastmodificationdate="20121023" lastmodificationauthor="U2YF">
  </PROGRAM>
  <PROGRAM name="ZHCPAI_POSTO_OPERATORE_PAI" status="CUSTOM" description="Include ZHCPAI_POSTO_OPERATORE_PAI"
 type="INCLUDE" creationdate="20120607" author="U2YF" lastmodificationdate="20140312" lastmodificationauthor="U2YF">
  </PROGRAM>
  <PROGRAM name="ZHCPAI_POSTO_OPERATORE_PBO" status="CUSTOM" description="Include ZHCPAI_POSTO_OPERATORE_PBO"
 type="INCLUDE" creationdate="20120607" author="U2YF" lastmodificationdate="20120607" lastmodificationauthor="U2YF">
  </PROGRAM>
  <PROGRAM name="ZHCPAI_STI_SFSF" description="Interface: SAP-HC STI Management versus Success Factor"
 type="PROGRAM" creationdate="20131205" author="U2YE" lastmodificationdate="20131217" lastmodificationauthor="U2YE">
  </PROGRAM>
  <PROGRAM name="ZHCPAI_STI_SFSF_DATA" description="Include ZHCPAI_STI_SFSF_DATA"
 type="INCLUDE" creationdate="20131205" author="U2YE" lastmodificationdate="20140103" lastmodificationauthor="U2YF">
  </PROGRAM>
  <PROGRAM name="ZHCPAI_STI_SFSF_FORMS" description="Include ZHCPAI_STI_SFSF_FORMS"
 type="INCLUDE" creationdate="20131205" author="U2YE" lastmodificationdate="20140227" lastmodificationauthor="U2YF">
  </PROGRAM>
  <PROGRAM name="ZHCPAI_STI_SFSF_SEL_SCREEN" description="Include ZHCPAI_STI_SFSF_SEL_SCREEN"
 type="INCLUDE" creationdate="20131205" author="U2YE" lastmodificationdate="20140217" lastmodificationauthor="U2YF">
  </PROGRAM>
  <PROGRAM name="ZHCPAM_CRUS_SALRY" description="Include ZHCPAM_CRUS_SALRY"
 type="MODULEPOOL" creationdate="20131122" author="U2YF" lastmodificationdate="20131205" lastmodificationauthor="U2YE">
  </PROGRAM>
  <PROGRAM name="ZHCPAM_CRUS_SALRY_F01" description="Include ZHCPAM_CRUS_SALRY_F01"
 type="INCLUDE" creationdate="20131122" author="U2YF" lastmodificationdate="20131205" lastmodificationauthor="U2YE">
  </PROGRAM>
  <PROGRAM name="ZHCPAM_CRUS_SALRY_I01" description="Include ZHCPAM_CRUS_SALRY_I01"
 type="INCLUDE" creationdate="20131122" author="U2YE" lastmodificationdate="20131205" lastmodificationauthor="U2YE">
  </PROGRAM>
  <PROGRAM name="ZHCPAM_CRUS_SALRY_O01" description="Include ZHCPAM_CRUS_SALRY_O01"
 type="INCLUDE" creationdate="20131122" author="U2YF" lastmodificationdate="20131205" lastmodificationauthor="U2YE">
  </PROGRAM>
  <PROGRAM name="ZHCPAM_CRUS_SALRY_TOP" description="Include ZHCPAM_CRUS_SALRY_TOP"
 type="INCLUDE" creationdate="20131122" author="U2YF" lastmodificationdate="20131205" lastmodificationauthor="U2YE">
  </PROGRAM>
  <PROGRAM name="ZHCPAOMR_USER_HC" description="Scheme for HC Users"
 type="PROGRAM" creationdate="20131205" author="U2YE" lastmodificationdate="20131212" lastmodificationauthor="U2YE">
  </PROGRAM>
  <PROGRAM name="ZHCPAOMR_USER_HC_DATA" description="Include ZHCPAOMR_USER_HC_DATA"
 type="INCLUDE" creationdate="20131205" author="U2YE" lastmodificationdate="20131213" lastmodificationauthor="U2YE">
  </PROGRAM>
  <PROGRAM name="ZHCPAOMR_USER_HC_FORMS" description="Include ZHCPAOMR_USER_HC_FORMS"
 type="INCLUDE" creationdate="20131205" author="U2YE" lastmodificationdate="20170216" lastmodificationauthor="UB1K">
  </PROGRAM>
  <PROGRAM name="ZHCPAOMR_USER_HC_SEL_SCREEN" description="Include ZHCPAOMR_USER_HC_SEL_SCREEN"
 type="INCLUDE" creationdate="20131205" author="U2YE" lastmodificationdate="20131212" lastmodificationauthor="U2YE">
  </PROGRAM>
  <PROGRAM name="ZHCPAR_BOXGRIDTALE" status="CUSTOM" description="Report 9-BoxGrid-Talent-New Graduates"
 type="PROGRAM" creationdate="20120423" author="U2YF" lastmodificationdate="20121121" lastmodificationauthor="U2YF">
  </PROGRAM>
  <PROGRAM name="ZHCPAR_CHANGE_POS" description="Report Change Position"
 type="PROGRAM" creationdate="20111107" author="U2YF" lastmodificationdate="20111108" lastmodificationauthor="U2YF">
  </PROGRAM>
  <PROGRAM name="ZHCPAR_CHANGE_POS_DATA" description="Include ZHCPAR_CHANGE_POS_DATA"
 type="INCLUDE" creationdate="20111107" author="U2YF" lastmodificationdate="20111108" lastmodificationauthor="U2YF">
  </PROGRAM>
  <PROGRAM name="ZHCPAR_CHANGE_POS_FORMS" description="Include ZHCPAR_CHANGE_POS_FORMS"
 type="INCLUDE" creationdate="20111107" author="U2YF" lastmodificationdate="20111108" lastmodificationauthor="U2YF">
  </PROGRAM>
  <PROGRAM name="ZHCPAR_CHANGE_POS_SELSCREEN" description="Include ZHCPAR_CHANGE_POS_SELSCREEN"
 type="INCLUDE" creationdate="20111107" author="U2YE" lastmodificationdate="20111108" lastmodificationauthor="U2YF">
  </PROGRAM>
  <PROGRAM name="ZHCPAR_HEADCOUNT" description="Report HEADCOUNT"
 selectionscreen="000" type="PROGRAM" creationdate="20100407" author="U2YE" lastmodificationdate="20170216" lastmodificationauthor="UB1K">
  </PROGRAM>
  <PROGRAM name="ZHCPAR_SALARYPLAN" description="Report SALARY PLAN"
 type="PROGRAM" creationdate="20110324" author="U2YE" lastmodificationdate="20130225" lastmodificationauthor="U2YF">
  </PROGRAM>
  <PROGRAM name="ZHCPAR_SALARYPLAN_2" description="Report SALARY PLAN"
 type="PROGRAM" creationdate="20140217" author="U2YE" lastmodificationdate="20170216" lastmodificationauthor="UB1K">
  </PROGRAM>
  <PROGRAM name="ZHCPAR_SALARYPLAN_4" description="Compensation Salary Increases"
 type="PROGRAM" creationdate="20151124" author="U2YF" lastmodificationdate="20170216" lastmodificationauthor="UAJD">
  </PROGRAM>
  <PROGRAM name="ZHCPAR_SALARYPLAN_4_DATA" description="Include ZHCPAR_SALARYPLAN_4_DATA"
 type="INCLUDE" creationdate="20151124" author="U2YF" lastmodificationdate="20180118" lastmodificationauthor="U5WA">
  </PROGRAM>
  <PROGRAM name="ZHCPAR_SALARYPLAN_4_FORM" description="Include ZHCPAR_SALARYPLAN_4_FORM"
 type="INCLUDE" creationdate="20151124" author="U2YF" lastmodificationdate="20180118" lastmodificationauthor="U5WA">
  </PROGRAM>
  <PROGRAM name="ZHCPAU_CHANGE_0000_BEGDA" description="Utility for change Begda of infty"
 type="PROGRAM" creationdate="20091117" author="U2YE" lastmodificationdate="20091117" lastmodificationauthor="U2YF">
  </PROGRAM>
  <PROGRAM name="ZHCPAU_CHANGE_0001_BEGDA" description="Utility for change Begda of infty 0001"
 type="PROGRAM" creationdate="20091117" author="U2YF" lastmodificationdate="20091119" lastmodificationauthor="U2YF">
  </PROGRAM>
  <PROGRAM name="ZHCPAU_CHANGE_INFTY_BEGDA" description="Utility for change Begda of infty"
 type="PROGRAM" creationdate="20091117" author="U2YE" lastmodificationdate="20091117" lastmodificationauthor="U2YE">
  </PROGRAM>
  <PROGRAM name="ZHCPAU_RPUDELPN" status="STANDARD" description="Delete Personnel Numbers Completely"
 type="PROGRAM" creationdate="20091118" author="U2YF" lastmodificationdate="20091118" lastmodificationauthor="U2YF">
  </PROGRAM>
  <PROGRAM name="ZHCPA_9001_LOG" description="Display LOG of Salary Upload"
 type="PROGRAM" creationdate="20131122" author="U2YE" lastmodificationdate="20131205" lastmodificationauthor="U2YE">
  </PROGRAM>
  <PROGRAM name="ZHCPA_9001_LOG_DATA" description="Include ZHCPA_9001_LOG_DATA"
 type="INCLUDE" creationdate="20131122" author="U2YE" lastmodificationdate="20131205" lastmodificationauthor="U2YE">
  </PROGRAM>
  <PROGRAM name="ZHCPA_9001_LOG_FORMS" description="Include ZHCPA_9001_LOG_FORMS"
 type="INCLUDE" creationdate="20131122" author="U2YE" lastmodificationdate="20131205" lastmodificationauthor="U2YE">
  </PROGRAM>
  <PROGRAM name="ZHCPA_9001_LOG_SEL_SCREEN" description="Include ZHCPA_9001_LOG_SEL_SCREEN"
 type="INCLUDE" creationdate="20131122" author="U2YE" lastmodificationdate="20131205" lastmodificationauthor="U2YE">
  </PROGRAM>
  <PROGRAM name="ZHCPA_GEST_9001" description="Report Check IT9001"
 type="PROGRAM" creationdate="20131122" author="U2YE" lastmodificationdate="20180129" lastmodificationauthor="UAJC">
  </PROGRAM>
  <PROGRAM name="ZHCPA_GEST_9001_DATA" description="Include ZHCPA_GEST_9001_DATA"
 type="INCLUDE" creationdate="20131122" author="U2YE" lastmodificationdate="20180129" lastmodificationauthor="UAJC">
  </PROGRAM>
  <PROGRAM name="ZHCPA_GEST_9001_DISPLAY" description="Display LOG of Salary Upload"
 type="PROGRAM" creationdate="20131122" author="U2YE" lastmodificationdate="20131205" lastmodificationauthor="U2YE">
  </PROGRAM>
  <PROGRAM name="ZHCPA_GEST_9001_DISPL_DATA" description="Include ZHCPA_9001_LOG_DATA"
 type="INCLUDE" creationdate="20131122" author="U2YE" lastmodificationdate="20131205" lastmodificationauthor="U2YE">
  </PROGRAM>
  <PROGRAM name="ZHCPA_GEST_9001_DISPL_FORMS" description="Include ZHCPA_9001_LOG_FORMS"
 type="INCLUDE" creationdate="20131122" author="U2YE" lastmodificationdate="20131205" lastmodificationauthor="U2YE">
  </PROGRAM>
  <PROGRAM name="ZHCPA_GEST_9001_DISPL_SEL_SCRN" description="Include ZHCPA_9001_LOG_SEL_SCREEN"
 type="INCLUDE" creationdate="20131122" author="U2YE" lastmodificationdate="20131205" lastmodificationauthor="U2YE">
  </PROGRAM>
  <PROGRAM name="ZHCPA_GEST_9001_FORMS" description="Include ZHCPA_GEST_9001_FORMS"
 type="INCLUDE" creationdate="20131122" author="U2YE" lastmodificationdate="20180129" lastmodificationauthor="UAJC">
  </PROGRAM>
  <PROGRAM name="ZHCPA_GEST_9001_SEL_SCREEN" description="Include ZHCPA_GEST_9001_SEL_SCREEN"
 type="INCLUDE" creationdate="20131122" author="U2YE" lastmodificationdate="20171121" lastmodificationauthor="UB5Z">
  </PROGRAM>
  <PROGRAM name="ZHCPA_ISTI_ELEG" description="Set Eelgibility"
 type="PROGRAM" creationdate="20131122" author="U2YE" lastmodificationdate="20140206" lastmodificationauthor="U2YF">
  </PROGRAM>
  <PROGRAM name="ZHCPA_ISTI_ELEG_DATA" description="Include ZHCPA_ISTI_ELEG_DATA"
 type="INCLUDE" creationdate="20131122" author="U2YE" lastmodificationdate="20131217" lastmodificationauthor="U2YE">
  </PROGRAM>
  <PROGRAM name="ZHCPA_ISTI_ELEG_FORMS" description="Include ZHCPA_ISTI_ELEG_FORMS"
 type="INCLUDE" creationdate="20131122" author="U2YE" lastmodificationdate="20140312" lastmodificationauthor="U2YF">
  </PROGRAM>
  <PROGRAM name="ZHCPA_ISTI_ELEG_SEL_SCRN" description="Include ZHCPA_ISTI_ELEG_SEL_SCRN"
 type="INCLUDE" creationdate="20131122" author="U2YE" lastmodificationdate="20131212" lastmodificationauthor="U2YE">
  </PROGRAM>
  <PROGRAM name="ZHCPA_TEM" description="Events - Courses - Partecipants"
 type="PROGRAM" creationdate="20100416" author="U2YE" lastmodificationdate="20111104" lastmodificationauthor="U2YF">
  </PROGRAM>
  <PROGRAM name="ZHCPA_TEM_PA" status="CUSTOM" description="Report Master Data"
 selectionscreen="000" type="PROGRAM" creationdate="20110308" author="U2YF" lastmodificationdate="20110309" lastmodificationauthor="U2YF">
  </PROGRAM>
  <PROGRAM name="ZHCTRR_ANAGRAFICA_PARTECIPANTI" status="CUSTOM" description="Anagrafica Partecipanti"
 selectionscreen="000" type="PROGRAM" creationdate="20100517" author="U2YF" lastmodificationdate="20110808" lastmodificationauthor="U2YF">
  </PROGRAM>
  <PROGRAM name="ZHCTR_GET_NUOVI_CAPI" status="CUSTOM" description="Report New Head Org. Unit"
 type="PROGRAM" creationdate="20121127" author="U2YF" lastmodificationdate="20121128" lastmodificationauthor="U2YF">
  </PROGRAM>
  <PROGRAM name="ZHC_LMS_ANAGR_STORICO" status="CUSTOM" description="Storico SAP to LMS"
 type="PROGRAM" creationdate="20130214" author="U2YF" lastmodificationdate="20130424" lastmodificationauthor="U2YF">
  </PROGRAM>
  <PROGRAM name="ZHC_ORG_SUCCFACT_CONNECTOR" status="CUSTOM" description="Interface Connector  Organization LMS"
 type="PROGRAM" creationdate="20121015" author="U2YF" lastmodificationdate="20121025" lastmodificationauthor="U2YF">
  </PROGRAM>
  <PROGRAM name="ZHC_USER_SUCCFACT_CONNECTOR" status="STANDARD" description="successfactors connector"
 type="PROGRAM" creationdate="20121015" author="U2YE" lastmodificationdate="20180117" lastmodificationauthor="UB5Z">
  </PROGRAM>
  <PROGRAM name="ZLPHIEF01" description="Include LPHIEF01"
 type="INCLUDE" creationdate="20130321" author="U3GV" lastmodificationdate="20130517" lastmodificationauthor="U3GV">
  </PROGRAM>
  <PROGRAM name="ZP000100" status="STANDARD"
 type="MODULEPOOL" creationdate="20091030" author="SAP" lastmodificationdate="20091030" lastmodificationauthor="SAP">
  </PROGRAM>
  <PROGRAM name="ZP000110" status="STANDARD"
 type="INCLUDE" creationdate="20091030" author="U2YF" lastmodificationdate="20091030" lastmodificationauthor="U2YF">
  </PROGRAM>
  <PROGRAM name="ZP000120" status="TEST"
 type="INCLUDE" creationdate="20091030" author="U2YF" lastmodificationdate="20091030" lastmodificationauthor="U2YF">
  </PROGRAM>
  <PROGRAM name="ZP000130" status="TEST"
 type="INCLUDE" creationdate="20091030" author="U2YF" lastmodificationdate="20091030" lastmodificationauthor="U2YF">
  </PROGRAM>
  <PROGRAM name="ZP000140" status="TEST"
 type="INCLUDE" creationdate="20091030" author="SAP" lastmodificationdate="20091030" lastmodificationauthor="SAP">
  </PROGRAM>
  <PROGRAM name="ZP001600" status="STANDARD"
 type="MODULEPOOL" creationdate="20100211" author="SAP" lastmodificationdate="20100211" lastmodificationauthor="SAP">
  </PROGRAM>
  <PROGRAM name="ZP001610" status="STANDARD"
 type="INCLUDE" creationdate="20100211" author="SAP" lastmodificationdate="20100211" lastmodificationauthor="U2YE">
  </PROGRAM>
  <PROGRAM name="ZP001620" status="TEST"
 type="INCLUDE" creationdate="20100211" author="SAP" lastmodificationdate="20100211" lastmodificationauthor="SAP">
  </PROGRAM>
  <PROGRAM name="ZP001630" status="TEST"
 type="INCLUDE" creationdate="20100211" author="SAP" lastmodificationdate="20100211" lastmodificationauthor="U2YE">
  </PROGRAM>
  <PROGRAM name="ZP001640" status="TEST"
 type="INCLUDE" creationdate="20100211" author="SAP" lastmodificationdate="20100211" lastmodificationauthor="SAP">
  </PROGRAM>
  <PROGRAM name="ZRHECM_CHANGE_PROC_STATUS" status="STANDARD" description="Change Compensation Process Status"
 type="PROGRAM" creationdate="20110502" author="U2YE" lastmodificationdate="20110502" lastmodificationauthor="U2YE">
  </PROGRAM>
  <PROGRAM name="ZRHECM_CHANGE_PROC_STATUS_M01" status="STANDARD" description="Include ZRHECM_CHANGE_PROC_STATUS_M01"
 type="INCLUDE" creationdate="20110502" author="U2YE" lastmodificationdate="20110502" lastmodificationauthor="U2YE">
  </PROGRAM>
  <PROGRAM name="ZXPADU01" description="Include ZXPADU01"
 type="INCLUDE" creationdate="20100127" author="U2YE" lastmodificationdate="20140516" lastmodificationauthor="U2YF">
  </PROGRAM>
  <PROGRAM name="ZXPADU02" description="Include ZXPADU02"
 type="INCLUDE" creationdate="20091030" author="U2YF" lastmodificationdate="20170824" lastmodificationauthor="U5WA">
  </PROGRAM>
  <PROGRAM name="ZXRSAU01" description="Include ZXRSAU01"
 type="INCLUDE" creationdate="20100330" author="U2QJ" lastmodificationdate="20100330" lastmodificationauthor="U2QJ">
  </PROGRAM>
  <PROGRAM name="ZXRSAU02" description="Include ZXRSAU02"
 type="INCLUDE" creationdate="20091124" author="U2QJ" lastmodificationdate="20160304" lastmodificationauthor="U2YF">
  </PROGRAM>
  <PROGRAM name="ZXRSAU03" description="Include ZXRSAU03"
 type="INCLUDE" creationdate="20100311" author="U2QJ" lastmodificationdate="20100330" lastmodificationauthor="U2QJ">
  </PROGRAM>
  <PROGRAM name="ZHCOMR_UPDOH" description="Report userd to save infotypes after save in PPOME"
 type="PROGRAM" creationdate="20170109" author="U5WA" lastmodificationdate="20170202" lastmodificationauthor="UAJB">
  </PROGRAM>
  <PROGRAM name="ZHCR_UPD_NAME2" description="Transforming Birth Names to Upper Case"
 type="PROGRAM" creationdate="20170203" author="UAJD" lastmodificationdate="20170203" lastmodificationauthor="UAJD">
  </PROGRAM>
  <PROGRAM name="ZHCR_UPD_NAME2_FORM" description="Include ZHCR_UPD_NAME2_FORM"
 type="INCLUDE" creationdate="20170203" author="U5WA" lastmodificationdate="20170203" lastmodificationauthor="U5WA">
  </PROGRAM>
  <PROGRAM name="ZHCR_UPD_NAME2_TOP" description="Include ZHCR_UPD_NAME2_TOP"
 type="INCLUDE" creationdate="20170203" author="UAJD" lastmodificationdate="20170203" lastmodificationauthor="UAJD">
  </PROGRAM>
  <PROGRAM name="ZHC_OMPA_CHECK_QUALITY" description="Data Quality Reporting"
 type="PROGRAM" creationdate="20170203" author="UAJD" lastmodificationdate="20170712" lastmodificationauthor="U5WA">
  </PROGRAM>
  <PROGRAM name="ZSEND_ERROR_TO_HR_BUSINES_FORM" status="CUSTOM" description="Include ZSEND_ERROR_TO_HR_BUSINES_FORM"
 type="INCLUDE" creationdate="20170203" author="UAJD" lastmodificationdate="20170824" lastmodificationauthor="U5WA">
  </PROGRAM>
  <PROGRAM name="Z_SEND_ERROR_TO_HR_BUSINES_TOP" status="CUSTOM" description="Include Z_SEND_ERROR_TO_HR_BUSINES_TOP"
 type="INCLUDE" creationdate="20170203" author="UAJD" lastmodificationdate="20170712" lastmodificationauthor="U5WA">
  </PROGRAM>
  <PROGRAM name="ZHCPAB_SALARYPLAN_PREV" description="Report SALARY PLAN Inbound"
 type="PROGRAM" creationdate="20170214" author="UAJD" lastmodificationdate="20170214" lastmodificationauthor="UAJD">
  </PROGRAM>
  <PROGRAM name="ZHCPAR_SALARYPLAN_4_READ" description="Programma estrazione infotype 9002"
 type="PROGRAM" creationdate="20170830" author="UB1K" lastmodificationdate="20170830" lastmodificationauthor="UB1K">
  </PROGRAM>
</PGDESCRIPTIONS>
