<?xml version="1.0" encoding="utf-8" ?>
<PGDESCRIPTIONS package="YPAT">
<extractor_prog version="7.0.2 for SAP ECC6" date="20180213" SAPVersion="702"/>
  <PROGRAM name="LYPATF01"
 type="INCLUDE" creationdate="20100204" author="PATRICKB" lastmodificationdate="20100204" lastmodificationauthor="PATRICKB">
  </PROGRAM>
  <PROGRAM name="LYPATI01"
 type="INCLUDE" creationdate="20100204" author="PATRICKB" lastmodificationdate="20100204" lastmodificationauthor="PATRICKB">
  </PROGRAM>
  <PROGRAM name="LYPATO01"
 type="INCLUDE" creationdate="20100204" author="PATRICKB" lastmodificationdate="20100204" lastmodificationauthor="PATRICKB">
  </PROGRAM>
  <PROGRAM name="LYPATTOP" description="ARINSO Kernel : Common functions"
 type="INCLUDE" creationdate="20100204" author="PATRICKB" lastmodificationdate="20100204" lastmodificationauthor="PATRICKB">
  </PROGRAM>
  <PROGRAM name="LYPATU01" description="ARINSO Kernel : Delete objects"
 type="INCLUDE" creationdate="20100204" author="PATRICKB" lastmodificationdate="20100204" lastmodificationauthor="PATRICKB">
  </PROGRAM>
  <PROGRAM name="LYPATU02" description="ARINSO Kernel : Product Release Information"
 type="INCLUDE" creationdate="20100204" author="PATRICKB" lastmodificationdate="20100204" lastmodificationauthor="PATRICKB">
  </PROGRAM>
  <PROGRAM name="LYPATU03" description="ARINSO Kernel : Popup to display internal table data"
 type="INCLUDE" creationdate="20100204" author="PATRICKB" lastmodificationdate="20100204" lastmodificationauthor="PATRICKB">
  </PROGRAM>
  <PROGRAM name="LYPATUXX"
 type="INCLUDE" creationdate="20100204" author="SAP*" lastmodificationdate="20100204" lastmodificationauthor="SAP*">
  </PROGRAM>
  <PROGRAM name="SAPLYPAT" description="ARINSO Products : Common functions"
 type="FUNCTIONPOOL" creationdate="20100204" author="PATRICKB" lastmodificationdate="20100204" lastmodificationauthor="PATRICKB">
  </PROGRAM>
  <PROGRAM name="YPCHDELE" description="ARINSO Kernel : Deletion of ARGUS Chart(s)"
 type="PROGRAM" creationdate="20100204" author="PATRICKB" lastmodificationdate="20100204" lastmodificationauthor="PATRICKB">
  </PROGRAM>
  <PROGRAM name="YPKERN00" description="ARINSO Kernel"
 type="PROGRAM" creationdate="20100204" author="PATRICKB" lastmodificationdate="20100204" lastmodificationauthor="PATRICKB">
  </PROGRAM>
  <PROGRAM name="YPKERN01" description="ARINSO Kernel"
 type="PROGRAM" creationdate="20100204" author="PATRICKB" lastmodificationdate="20100204" lastmodificationauthor="PATRICKB">
  </PROGRAM>
  <PROGRAM name="YPKERNDU" description="ARINSO Kernel"
 type="PROGRAM" creationdate="20100204" author="PATRICKB" lastmodificationdate="20100204" lastmodificationauthor="PATRICKB">
  </PROGRAM>
  <PROGRAM name="YPKERNI0" description="ARINSO Kernel"
 type="INCLUDE" creationdate="20100204" author="PATRICKB" lastmodificationdate="20100204" lastmodificationauthor="PATRICKB">
  </PROGRAM>
  <PROGRAM name="YPKERNI1" description="ARINSO Kernel"
 type="INCLUDE" creationdate="20100204" author="PATRICKB" lastmodificationdate="20100204" lastmodificationauthor="PATRICKB">
  </PROGRAM>
  <PROGRAM name="YPKERNVE" description="ARINSO Kernel : Display KERNEL level"
 type="PROGRAM" creationdate="20100204" author="PATRICKB" lastmodificationdate="20100204" lastmodificationauthor="PATRICKB">
  </PROGRAM>
  <PROGRAM name="YPQUDELE" description="ARINSO Kernel : Deletion of HR Query"
 type="PROGRAM" creationdate="20100204" author="ELSS" lastmodificationdate="20100204" lastmodificationauthor="ELSS">
  </PROGRAM>
  <PROGRAM name="YPQUDKE2" description="ARINSO Kernel"
 type="INCLUDE" creationdate="20100204" author="PATRICKB" lastmodificationdate="20100204" lastmodificationauthor="PATRICKB">
  </PROGRAM>
  <PROGRAM name="YPQUDKEY" description="ARINSO Kernel : Decrypt a key"
 type="INCLUDE" creationdate="20100204" author="PATRICKB" lastmodificationdate="20100204" lastmodificationauthor="PATRICKB">
  </PROGRAM>
  <PROGRAM name="YYTTDELE" description="ARINSO Kernel : Deletion of HR Query"
 type="PROGRAM" creationdate="20100204" author="STEVEG" lastmodificationdate="20100204" lastmodificationauthor="STEVEG">
  </PROGRAM>
</PGDESCRIPTIONS>
