<?xml version="1.0" encoding="utf-8" ?>
<PGDESCRIPTIONS package="ZHC_ACN_WF">
<extractor_prog version="7.0.2 for SAP ECC6" date="20180213" SAPVersion="702"/>
  <PROGRAM name="SAPLZHCPA_SURVEY"
 type="FUNCTIONPOOL" creationdate="20160802" author="U39Q" lastmodificationdate="20160802" lastmodificationauthor="U39Q">
  </PROGRAM>
  <PROGRAM name="ZHCPAR_SENDSURVEY" description="Survey"
 type="PROGRAM" creationdate="20160725" author="UAJB" lastmodificationdate="20160802" lastmodificationauthor="UAJC">
  </PROGRAM>
  <PROGRAM name="ZHC_LC_TEST" description="Program ZHC_LC_TEST"
 type="PROGRAM" creationdate="20160725" author="UAKC" lastmodificationdate="20160726" lastmodificationauthor="UAKC">
  </PROGRAM>
  <PROGRAM name="ZHC_SURVEYWF" description="Program for object type ZLCTEST : zlctest"
 type="SUBROUTINE" creationdate="20160725" author="UAKC" lastmodificationdate="20160728" lastmodificationauthor="UAKC">
  </PROGRAM>
  <PROGRAM name="ZHCPAR_SURVEY_RECOGNITION" status="CUSTOM" description="Survey recognition"
 type="PROGRAM" creationdate="20160728" author="UAKC" lastmodificationdate="20160728" lastmodificationauthor="UAKC">
  </PROGRAM>
</PGDESCRIPTIONS>
